[
 {
  "id": "war",
  "category": "vehicles",
  "path": "vehicles/war",
  "tags": [
   "Armored Vehicle",
   "Cannon",
   "Gun",
   "Military",
   "Tank",
   "dhis2:war"
  ],
  "title": "War"
 },
 {
  "id": "vespa_motorcycle",
  "category": "vehicles",
  "path": "vehicles/vespa_motorcycle",
  "tags": [
   "Motorbike",
   "Motorcycle",
   "dhis2:vespa_motorcycle"
  ],
  "title": "Motor Scooter"
 },
 {
  "id": "small_plane",
  "category": "vehicles",
  "path": "vehicles/small_plane",
  "tags": [
   "Airplane",
   "Airport",
   "Plane",
   "Prop Plane",
   "Propeller",
   "Small Plane",
   "Wings",
   "dhis2:small_plane"
  ],
  "title": "Small Airplane"
 },
 {
  "id": "mobile_clinic",
  "category": "vehicles",
  "path": "vehicles/mobile_clinic",
  "tags": [
   "Ambulance",
   "Cross",
   "Red Cross",
   "Truck",
   "dhis2:mobile_clinic"
  ],
  "title": "Mobile Clinic"
 },
 {
  "id": "machinery",
  "category": "vehicles",
  "path": "vehicles/machinery",
  "tags": [
   "Digger",
   "Equipment",
   "Front-end Loader",
   "dhis2:machinery"
  ],
  "title": "Machinery"
 },
 {
  "id": "helicopter",
  "category": "vehicles",
  "path": "vehicles/helicopter",
  "tags": [
   "Chopper",
   "Medevac",
   "Medivac",
   "dhis2:helicopter"
  ],
  "title": "Helicopter"
 },
 {
  "id": "cross_country_motorcycle",
  "category": "vehicles",
  "path": "vehicles/cross_country_motorcycle",
  "tags": [
   "Cross Country",
   "Dirt Bike",
   "Motorbike",
   "Motorcycle",
   "dhis2:cross_country_motorcycle"
  ],
  "title": "Off-road Motorcycle"
 },
 {
  "id": "bike",
  "category": "vehicles",
  "path": "vehicles/bike",
  "tags": [
   "Bike",
   "City Bike",
   "Mountain Bike",
   "dhis2:bike"
  ],
  "title": "Bicycle"
 },
 {
  "id": "basic_motorcycle",
  "category": "vehicles",
  "path": "vehicles/basic_motorcycle",
  "tags": [
   "Dirtbike dhis2:motorcycle",
   "Motorbike"
  ],
  "title": "Motorcycle"
 },
 {
  "id": "ambulance",
  "category": "vehicles",
  "path": "vehicles/ambulance",
  "tags": [
   "Cross",
   "Emergency",
   "Red Cross",
   "Siren",
   "Truck",
   "dhis2:ambulance"
  ],
  "title": "Ambulance"
 },
 {
  "id": "4x4",
  "category": "vehicles",
  "path": "vehicles/4x4",
  "tags": [
   "4x4",
   "4×4",
   "Jeep",
   "Off-Road",
   "Sport Utility Vehicle",
   "Truck",
   "dhis2:4x4"
  ],
  "title": "SUV"
 },
 {
  "id": "drone",
  "category": "vehicles",
  "path": "vehicles/drone",
  "tags": [
   "Aircraft",
   "Autonomous Flying Vehicle",
   "Drone",
   "Flight",
   "dhis2:drone"
  ],
  "title": "Drone"
 },
 {
  "id": "triangle_small",
  "category": "shapes",
  "path": "shapes/triangle_small",
  "tags": [
   "Bullet",
   "Shape",
   "Triangle",
   "dhis2:triangle_small"
  ],
  "title": "Triangle Small"
 },
 {
  "id": "triangle_medium",
  "category": "shapes",
  "path": "shapes/triangle_medium",
  "tags": [
   "Bullet",
   "Shape",
   "Triangle",
   "dhis2:triangle_medium"
  ],
  "title": "Triangle Medium"
 },
 {
  "id": "triangle_large",
  "category": "shapes",
  "path": "shapes/triangle_large",
  "tags": [
   "Bullet",
   "Shape",
   "Triangle",
   "dhis2:triangle_large"
  ],
  "title": "Triangle Large"
 },
 {
  "id": "star_small",
  "category": "shapes",
  "path": "shapes/star_small",
  "tags": [
   "Bullet",
   "Shape",
   "Star",
   "dhis2:star_small"
  ],
  "title": "Star Small"
 },
 {
  "id": "star_medium",
  "category": "shapes",
  "path": "shapes/star_medium",
  "tags": [
   "Bullet",
   "Shape",
   "Star",
   "dhis2:star_medium"
  ],
  "title": "Star Medium"
 },
 {
  "id": "star_large",
  "category": "shapes",
  "path": "shapes/star_large",
  "tags": [
   "Bullet",
   "Shape",
   "Star",
   "dhis2:star_large"
  ],
  "title": "Star Large"
 },
 {
  "id": "square_small",
  "category": "shapes",
  "path": "shapes/square_small",
  "tags": [
   "Bullet",
   "Cube",
   "Rectangle",
   "Shape",
   "dhis2:square_small"
  ],
  "title": "Square Small"
 },
 {
  "id": "square_medium",
  "category": "shapes",
  "path": "shapes/square_medium",
  "tags": [
   "Bullet",
   "Cube",
   "Rectangle",
   "Shape",
   "dhis2:square_medium"
  ],
  "title": "Square Medium"
 },
 {
  "id": "square_large",
  "category": "shapes",
  "path": "shapes/square_large",
  "tags": [
   "Bullet",
   "Cube",
   "Rectangle",
   "Shape",
   "dhis2:square_large"
  ],
  "title": "Square Large"
 },
 {
  "id": "information_campaign",
  "category": "shapes",
  "path": "shapes/information_campaign",
  "tags": [
   "Advertising",
   "Circle",
   "IC",
   "Shape",
   "Sphere",
   "dhis2:information_campaign"
  ],
  "title": "Information Campaign"
 },
 {
  "id": "circle_small",
  "category": "shapes",
  "path": "shapes/circle_small",
  "tags": [
   "Circle",
   "Dot",
   "Shape",
   "Sphere",
   "dhis2:circle_small"
  ],
  "title": "Circle Small"
 },
 {
  "id": "circle_medium",
  "category": "shapes",
  "path": "shapes/circle_medium",
  "tags": [
   "Circle",
   "Dot",
   "Shape",
   "Sphere",
   "dhis2:circle_medium"
  ],
  "title": "Circle Medium"
 },
 {
  "id": "circle_large",
  "category": "shapes",
  "path": "shapes/circle_large",
  "tags": [
   "Circle",
   "Dot",
   "Shape",
   "Sphere",
   "dhis2:circle_large"
  ],
  "title": "Circle Large"
 },
 {
  "id": "market_stall",
  "category": "places",
  "path": "places/market_stall",
  "tags": [
   "Awning",
   "Shack",
   "Shop",
   "Stall",
   "dhis2:market_stall"
  ],
  "title": "Market Stall"
 },
 {
  "id": "hospital",
  "category": "places",
  "path": "places/hospital",
  "tags": [
   "Clinic",
   "Large Hospital",
   "Urban Hospital",
   "dhis2:hospital"
  ],
  "title": "Hospital"
 },
 {
  "id": "home_alt",
  "category": "places",
  "path": "places/home_alt",
  "tags": [
   "Door",
   "House",
   "Roof",
   "dhis2:home"
  ],
  "title": "Home ALT"
 },
 {
  "id": "forest_persons",
  "category": "places",
  "path": "places/forest_persons",
  "tags": [
   "Nature",
   "Person",
   "Tree",
   "Walking",
   "Woods",
   "dhis2:forest_persons"
  ],
  "title": "Person in Forest"
 },
 {
  "id": "forest",
  "category": "places",
  "path": "places/forest",
  "tags": [
   "Nature",
   "Park",
   "Trees",
   "Woods",
   "dhis2:forest"
  ],
  "title": "Forest"
 },
 {
  "id": "city",
  "category": "places",
  "path": "places/city",
  "tags": [
   "Buildings",
   "Downtown",
   "Highrise",
   "Metro",
   "Metropolis",
   "Urban",
   "dhis2:city"
  ],
  "title": "City"
 },
 {
  "id": "church",
  "category": "places",
  "path": "places/church",
  "tags": [
   "Christian",
   "House of Worship",
   "Religion",
   "Worship",
   "dhis2:church"
  ],
  "title": "Church"
 },
 {
  "id": "virus",
  "category": "objects",
  "path": "objects/virus",
  "tags": [
   "Infection",
   "Infectious Disease",
   "dhis2:virus"
  ],
  "title": "Virus"
 },
 {
  "id": "stock_out",
  "category": "objects",
  "path": "objects/stock_out",
  "tags": [
   "Empty Box",
   "Medicines",
   "dhis2:stock_out"
  ],
  "title": "Stock Out"
 },
 {
  "id": "running_water",
  "category": "objects",
  "path": "objects/running_water",
  "tags": [
   "Clean Water",
   "Drinking Water",
   "Running Water",
   "Sanitation",
   "dhis2:running_water"
  ],
  "title": "Water Tap"
 },
 {
  "id": "rdt_result_out_stock",
  "category": "objects",
  "path": "objects/rdt_result_out_stock",
  "tags": [
   "Empty Box",
   "Retroviral",
   "dhis2:rdt_result_out_stock"
  ],
  "title": "RDT Stock Out"
 },
 {
  "id": "phone",
  "category": "objects",
  "path": "objects/phone",
  "tags": [
   "Call",
   "Communication",
   "Telephone",
   "dhis2:phone"
  ],
  "title": "Phone"
 },
 {
  "id": "money_bag",
  "category": "objects",
  "path": "objects/money_bag",
  "tags": [
   "Currency",
   "Money",
   "Payment",
   "dhis2:money_bag"
  ],
  "title": "Money Bag"
 },
 {
  "id": "justice",
  "category": "objects",
  "path": "objects/justice",
  "tags": [
   "Law",
   "Legal",
   "Scales",
   "dhis2:justice"
  ],
  "title": "Justice"
 },
 {
  "id": "i_utensils",
  "category": "objects",
  "path": "objects/i_utensils",
  "tags": [
   "Tools",
   "dhis2:i_utensils"
  ],
  "title": "Utensils"
 },
 {
  "id": "hot_meal",
  "category": "objects",
  "path": "objects/hot_meal",
  "tags": [
   "Food",
   "Meal",
   "dhis2:hot_meal"
  ],
  "title": "Hot Meal"
 },
 {
  "id": "credit_card",
  "category": "objects",
  "path": "objects/credit_card",
  "tags": [
   "Currency",
   "Mastercard",
   "Money",
   "Payment",
   "Visa",
   "dhis2:credit_card"
  ],
  "title": "Credit Card"
 },
 {
  "id": "construction",
  "category": "objects",
  "path": "objects/construction",
  "tags": [
   "Build",
   "Construction",
   "Settings",
   "Tool",
   "dhis2:construction"
  ],
  "title": "Hammer"
 },
 {
  "id": "coins",
  "category": "objects",
  "path": "objects/coins",
  "tags": [
   "Currency",
   "Money",
   "Payment",
   "dhis2:coins"
  ],
  "title": "Coins"
 },
 {
  "id": "bills",
  "category": "objects",
  "path": "objects/bills",
  "tags": [
   "Currency",
   "Paper Money",
   "Payment",
   "dhis2:bills"
  ],
  "title": "Money Bills"
 },
 {
  "id": "network_5g",
  "category": "network",
  "path": "network/network_5g",
  "tags": [
   "Bandwidth",
   "Connection",
   "Network",
   "Phone",
   "Speed",
   "dhis2:5g"
  ],
  "title": "5G"
 },
 {
  "id": "network_4g",
  "category": "network",
  "path": "network/network_4g",
  "tags": [
   "Bandwidth",
   "Connection",
   "LTE",
   "Network",
   "Phone",
   "Speed",
   "dhis2:4g"
  ],
  "title": "4G"
 },
 {
  "id": "medium_bars",
  "category": "network",
  "path": "network/medium_bars",
  "tags": [
   "Connection",
   "Medium",
   "Network",
   "Phone",
   "Speed",
   "dhis2:medium_bars"
  ],
  "title": "Medium Bars"
 },
 {
  "id": "low_bars",
  "category": "network",
  "path": "network/low_bars",
  "tags": [
   "Connection",
   "Network",
   "Phone",
   "Slow",
   "Speed",
   "dhis2:low_bars"
  ],
  "title": "Low Bars"
 },
 {
  "id": "high_bars",
  "category": "network",
  "path": "network/high_bars",
  "tags": [
   "Connection",
   "Fast",
   "Network",
   "Phone",
   "Speed",
   "dhis2:high_bars"
  ],
  "title": "High Bars"
 },
 {
  "id": "3g",
  "category": "network",
  "path": "network/3g",
  "tags": [
   "Bandwidth",
   "Connection",
   "Network",
   "Phone",
   "Speed",
   "dhis2:3g"
  ],
  "title": "3G"
 },
 {
  "id": "2g",
  "category": "network",
  "path": "network/2g",
  "tags": [
   "Bandwidth",
   "Connection",
   "Network",
   "Phone",
   "Speed",
   "dhis2:2g"
  ],
  "title": "2G"
 },
 {
  "id": "pills_4",
  "category": "medications",
  "path": "medications/pills_4",
  "tags": [
   "Drug",
   "Medication",
   "Meds",
   "Pharmacy",
   "Pill",
   "Round",
   "dhis2:pill_4"
  ],
  "title": "Pill 4"
 },
 {
  "id": "pills_3",
  "category": "medications",
  "path": "medications/pills_3",
  "tags": [
   "Drug",
   "Medication",
   "Meds",
   "Pharmacy",
   "Pill",
   "Round",
   "dhis2:pill_3"
  ],
  "title": "Pill 3"
 },
 {
  "id": "pills_2",
  "category": "medications",
  "path": "medications/pills_2",
  "tags": [
   "Drug",
   "Medication",
   "Meds",
   "Pharmacy",
   "Pill",
   "Round",
   "dhis2:pill_2"
  ],
  "title": "Pill 2"
 },
 {
  "id": "pill_1",
  "category": "medications",
  "path": "medications/pill_1",
  "tags": [
   "Drug",
   "Medication",
   "Meds",
   "Pharmacy",
   "Pill",
   "Round",
   "dhis2:pill_1"
  ],
  "title": "Pill 1"
 },
 {
  "id": "oral_contraception_pillsx28",
  "category": "medications",
  "path": "medications/oral_contraception_pillsx28",
  "tags": [
   "Birth Control Pills",
   "Contraception",
   "Female Contraception",
   "dhis2:oral_contraception_pillsx28"
  ],
  "title": "Oral Contraceptive 28"
 },
 {
  "id": "oral_contraception_pillsx21",
  "category": "medications",
  "path": "medications/oral_contraception_pillsx21",
  "tags": [
   "Birth Control Pills",
   "Contraception",
   "Female Contraception",
   "dhis2:oral_contraception_pillsx21"
  ],
  "title": "Oral Contraceptive 21"
 },
 {
  "id": "medicines",
  "category": "medications",
  "path": "medications/medicines",
  "tags": [
   "Drugs",
   "Medications",
   "Meds",
   "Pharmacy",
   "Pills",
   "dhis2:Medicines"
  ],
  "title": "Medicines"
 },
 {
  "id": "blister_pills_round_x16",
  "category": "medications",
  "path": "medications/blister_pills_round_x16",
  "tags": [
   "Blister Pack",
   "Drug",
   "Foil",
   "Medication",
   "Meds",
   "Pharmacy",
   "Pill",
   "Round",
   "dhis2:blister_pills_round_x16"
  ],
  "title": "Blister Pills Round x16"
 },
 {
  "id": "blister_pills_round_x14",
  "category": "medications",
  "path": "medications/blister_pills_round_x14",
  "tags": [
   "Blister Pack",
   "Drug",
   "Foil",
   "Medication",
   "Meds",
   "Pharmacy",
   "Pill",
   "Round",
   "dhis2:blister_pills_round_x14"
  ],
  "title": "Blister Pills Round x14"
 },
 {
  "id": "blister_pills_round_x4",
  "category": "medications",
  "path": "medications/blister_pills_round_x4",
  "tags": [
   "Blister Pack",
   "Drug",
   "Foil",
   "Medication",
   "Meds",
   "Pharmacy",
   "Pill",
   "Round",
   "dhis2:blister_pills_round_x4"
  ],
  "title": "Blister Pills Round x4"
 },
 {
  "id": "blister_pills_round_x1",
  "category": "medications",
  "path": "medications/blister_pills_round_x1",
  "tags": [
   "Blister Pack",
   "Drug",
   "Foil",
   "Medication",
   "Meds",
   "Pharmacy",
   "Pill",
   "Round",
   "dhis2:blister_pills_round_x1"
  ],
  "title": "Blister Pills Round x1"
 },
 {
  "id": "blister_pills_oval_x16",
  "category": "medications",
  "path": "medications/blister_pills_oval_x16",
  "tags": [
   "Blister Pack",
   "Drug",
   "Foil",
   "Medication",
   "Meds",
   "Oval",
   "Pharmacy",
   "Pill",
   "dhis2:blister_pills_oval_x16"
  ],
  "title": "Blister Pills Oval x16"
 },
 {
  "id": "blister_pills_oval_x14",
  "category": "medications",
  "path": "medications/blister_pills_oval_x14",
  "tags": [
   "Blister Pack",
   "Drug",
   "Foil",
   "Medication",
   "Meds",
   "Oval",
   "Pharmacy",
   "Pill",
   "dhis2:blister_pills_oval_x14"
  ],
  "title": "Blister Pills Oval x14"
 },
 {
  "id": "blister_pills_oval_x4",
  "category": "medications",
  "path": "medications/blister_pills_oval_x4",
  "tags": [
   "Blister Pack",
   "Drug",
   "Foil",
   "Medication",
   "Meds",
   "Oval",
   "Pharmacy",
   "Pill",
   "dhis2:blister_pills_oval_x4"
  ],
  "title": "Blister Pills Oval x4"
 },
 {
  "id": "blister_pills_oval_x1",
  "category": "medications",
  "path": "medications/blister_pills_oval_x1",
  "tags": [
   "Blister Pack",
   "Drug",
   "Foil",
   "Medication",
   "Meds",
   "Oval",
   "Pharmacy",
   "Pill",
   "dhis2:blister_pills_oval_x1"
  ],
  "title": "Blister Pills Oval x1"
 },
 {
  "id": "synergist_insecticide_bioassays",
  "category": "diagnostics",
  "path": "diagnostics/synergist_insecticide_bioassays",
  "tags": [
   "Malaria",
   "Mosquito",
   "dhis2:synergist_insecticide_bioassays"
  ],
  "title": "Synergist Insecticide Bioassays"
 },
 {
  "id": "rdt_result_pv_rectangular",
  "category": "diagnostics",
  "path": "diagnostics/rdt_result_pv_rectangular",
  "tags": [
   "Diagnostic",
   "RDT",
   "Testing",
   "dhis2:rdt_result_pv_rectangular"
  ],
  "title": "Rapid Diagnostic Testing Result PV"
 },
 {
  "id": "rdt_result_pv_invalid_rectangular",
  "category": "diagnostics",
  "path": "diagnostics/rdt_result_pv_invalid_rectangular",
  "tags": [
   "Diagnostic",
   "RDT",
   "Testing",
   "dhis2:rdt_result_pv_invalid_rectangular"
  ],
  "title": "Rapid Diagnostic Testing Result PV Invalid"
 },
 {
  "id": "rdt_result_pv",
  "category": "diagnostics",
  "path": "diagnostics/rdt_result_pv",
  "tags": [
   "Diagnostic",
   "RDT",
   "Testing",
   "dhis2:rdt_result_pv"
  ],
  "title": "Rapid Diagnostic Testing Result PV"
 },
 {
  "id": "rdt_result_positive",
  "category": "diagnostics",
  "path": "diagnostics/rdt_result_positive",
  "tags": [
   "Diagnostic",
   "RDT",
   "Testing",
   "dhis2:rdt_result_positive"
  ],
  "title": "Rapid Diagnostic Testing Result Positive"
 },
 {
  "id": "rdt_result_pf_rectangular",
  "category": "diagnostics",
  "path": "diagnostics/rdt_result_pf_rectangular",
  "tags": [
   "Diagnostic",
   "RDT",
   "Testing",
   "dhis2:rdt_result_pf_rectangular"
  ],
  "title": "Rapid Diagnostic Testing Result PF"
 },
 {
  "id": "rdt_result_pf_invalid_rectangular",
  "category": "diagnostics",
  "path": "diagnostics/rdt_result_pf_invalid_rectangular",
  "tags": [
   "Diagnostic",
   "RDT",
   "Testing",
   "dhis2:rdt_result_pf_invalid_rectangular"
  ],
  "title": "Rapid Diagnostic Testing Result PF Invalid"
 },
 {
  "id": "rdt_result_pf_invalid",
  "category": "diagnostics",
  "path": "diagnostics/rdt_result_pf_invalid",
  "tags": [
   "Diagnostic",
   "RDT",
   "Testing",
   "dhis2:rdt_result_pf_invalid"
  ],
  "title": "Rapid Diagnostic Testing Result PF Invalid"
 },
 {
  "id": "rdt_result_no_test",
  "category": "diagnostics",
  "path": "diagnostics/rdt_result_no_test",
  "tags": [
   "Diagnostic",
   "RDT",
   "Testing",
   "dhis2:rdt_result_no_test"
  ],
  "title": "Rapid Diagnostic Testing Result No Test"
 },
 {
  "id": "rdt_result_neg_rectangular",
  "category": "diagnostics",
  "path": "diagnostics/rdt_result_neg_rectangular",
  "tags": [
   "Diagnostic",
   "RDT",
   "Testing",
   "dhis2:rdt_result_neg_rectangular"
  ],
  "title": "Rapid Diagnostic Testing Result Negative"
 },
 {
  "id": "rdt_result_neg_invalid_rectangular",
  "category": "diagnostics",
  "path": "diagnostics/rdt_result_neg_invalid_rectangular",
  "tags": [
   "Diagnostic",
   "RDT",
   "Testing",
   "dhis2:rdt_result_neg_invalid_rectangular"
  ],
  "title": "Rapid Diagnostic Testing Result Negative Invalid"
 },
 {
  "id": "rdt_result_neg_invalid",
  "category": "diagnostics",
  "path": "diagnostics/rdt_result_neg_invalid",
  "tags": [
   "Diagnostic",
   "RDT",
   "Testing",
   "dhis2:rdt_result_neg_invalid"
  ],
  "title": "Rapid Diagnostic Testing Result Negative Invalid"
 },
 {
  "id": "rdt_result_neg",
  "category": "diagnostics",
  "path": "diagnostics/rdt_result_neg",
  "tags": [
   "Diagnostic",
   "RDT",
   "Testing",
   "dhis2:rdt_result_neg"
  ],
  "title": "Rapid Diagnostic Testing Result Negative"
 },
 {
  "id": "rdt_result_mixed_rectangular",
  "category": "diagnostics",
  "path": "diagnostics/rdt_result_mixed_rectangular",
  "tags": [
   "Diagnostic",
   "RDT",
   "Testing",
   "dhis2:rdt_result_mixed_rectangular"
  ],
  "title": "Rapid Diagnostic Testing Result Mixed"
 },
 {
  "id": "rdt_result_mixed_invalid_rectangular",
  "category": "diagnostics",
  "path": "diagnostics/rdt_result_mixed_invalid_rectangular",
  "tags": [
   "Diagnostic",
   "RDT",
   "Testing",
   "dhis2:rdt_result_mixed_invalid_rectangular"
  ],
  "title": "Rapid Diagnostic Testing Result Mixed Invalid"
 },
 {
  "id": "rdt_result_mixed_invalid",
  "category": "diagnostics",
  "path": "diagnostics/rdt_result_mixed_invalid",
  "tags": [
   "Diagnostic",
   "RDT",
   "Testing",
   "dhis2:rdt_result_mixed_invalid"
  ],
  "title": "Rapid Diagnostic Testing Result Mixed Invalid"
 },
 {
  "id": "rdt_result_mixed",
  "category": "diagnostics",
  "path": "diagnostics/rdt_result_mixed",
  "tags": [
   "Diagnostic",
   "RDT",
   "Testing",
   "dhis2:rdt_result_mixed"
  ],
  "title": "Rapid Diagnostic Testing Result Mixed Positve"
 },
 {
  "id": "rdt_result_pv_invalid",
  "category": "diagnostics",
  "path": "diagnostics/rdt_result_pv_invalid",
  "tags": [
   "Diagnostic",
   "RDT",
   "Testing",
   "dhis2:rdt_result_pv_invalid"
  ],
  "title": "Rapid Diagnostic Testing Result Invalid"
 },
 {
  "id": "rdt_result_pf",
  "category": "diagnostics",
  "path": "diagnostics/rdt_result_pf",
  "tags": [
   "Diagnostic",
   "RDT",
   "Testing",
   "dhis2:rdt_result_pf"
  ],
  "title": "Rapid Diagnostic Testing PF"
 },
 {
  "id": "rdt_result_invalid",
  "category": "diagnostics",
  "path": "diagnostics/rdt_result_invalid",
  "tags": [
   "Diagnostic",
   "RDT",
   "Testing",
   "dhis2:rdt_result_invalid"
  ],
  "title": "Rapid Diagnostic Testing Result Invalid"
 },
 {
  "id": "rdt_result",
  "category": "diagnostics",
  "path": "diagnostics/rdt_result",
  "tags": [
   "Diagnostic",
   "RDT",
   "Testing",
   "dhis2:rdt_result_negative"
  ],
  "title": "Rapid Diagnostic Testing Result Negative"
 },
 {
  "id": "mosquito_collection",
  "category": "diagnostics",
  "path": "diagnostics/mosquito_collection",
  "tags": [
   "Malaria",
   "Mosquito",
   "dhis2:mosquito_collection"
  ],
  "title": "Mosquito Collection"
 },
 {
  "id": "malaria_testing",
  "category": "diagnostics",
  "path": "diagnostics/malaria_testing",
  "tags": [
   "Malaria",
   "Mosquito",
   "dhis2:malaria_testing"
  ],
  "title": "Malaria Testing"
 },
 {
  "id": "malaria_pv_microscope",
  "category": "diagnostics",
  "path": "diagnostics/malaria_pv_microscope",
  "tags": [
   "Diagnostic",
   "Malaria",
   "Microscopic",
   "dhis2:malaria_pv_microscope"
  ],
  "title": "Malaria PV"
 },
 {
  "id": "malaria_pf_microscope",
  "category": "diagnostics",
  "path": "diagnostics/malaria_pf_microscope",
  "tags": [
   "Diagnostic",
   "Malaria",
   "Microscopic",
   "dhis2:malaria_pf_microscope"
  ],
  "title": "Malaria PF"
 },
 {
  "id": "malaria_mixed_microscope",
  "category": "diagnostics",
  "path": "diagnostics/malaria_mixed_microscope",
  "tags": [
   "Diagnostic",
   "Malaria",
   "Microscopic",
   "dhis2:malaria_mixed_microscope"
  ],
  "title": "Malaria Mixed"
 },
 {
  "id": "malaria_microscope",
  "category": "diagnostics",
  "path": "diagnostics/malaria_microscope",
  "tags": [
   "Diagnostic",
   "Malaria",
   "Microscopic",
   "dhis2:malaria_negative_microscope"
  ],
  "title": "Malaria Negative"
 },
 {
  "id": "intensity_concentration_bioassays",
  "category": "diagnostics",
  "path": "diagnostics/intensity_concentration_bioassays",
  "tags": [
   "Diagnostic",
   "Malaria",
   "Mosquito",
   "dhis2:intensity_concentration_bioassays"
  ],
  "title": "Intensity Concentration Bioassays"
 },
 {
  "id": "hiv_self_test",
  "category": "diagnostics",
  "path": "diagnostics/hiv_self_test",
  "tags": [
   "AIDS",
   "Blood",
   "Diagnostic",
   "HIV",
   "Hand",
   "dhis2:hiv_self_test"
  ],
  "title": "HIV Self Test"
 },
 {
  "id": "cone_test_on_walls",
  "category": "diagnostics",
  "path": "diagnostics/cone_test_on_walls",
  "tags": [
   "Diagnostic",
   "Testing",
   "dhis2:cone_test_on_walls"
  ],
  "title": "Cone Test on Walls"
 },
 {
  "id": "cone_test_on_nets",
  "category": "diagnostics",
  "path": "diagnostics/cone_test_on_nets",
  "tags": [
   "Diagnostic",
   "Testing",
   "dhis2:cone_test_on_nets"
  ],
  "title": "Cone Test on Nets"
 },
 {
  "id": "weight",
  "category": "devices",
  "path": "devices/weight",
  "tags": [
   "Diagnostic",
   "Lab",
   "Obese",
   "Overweight",
   "Science",
   "Vitals",
   "dhis2:weight"
  ],
  "title": "Weight Scale"
 },
 {
  "id": "treated_water",
  "category": "devices",
  "path": "devices/treated_water",
  "tags": [
   "Clean Water",
   "Drinking Water",
   "Hygeine",
   "dhis2:treated_water"
  ],
  "title": "Treated Water"
 },
 {
  "id": "thermometer",
  "category": "devices",
  "path": "devices/thermometer",
  "tags": [
   "Cold Chain",
   "Freezer",
   "Refrigeration",
   "Temperature",
   "Thermometer",
   "dhis2:thermometer"
  ],
  "title": "Temperature"
 },
 {
  "id": "tac",
  "category": "devices",
  "path": "devices/tac",
  "tags": [
   "CAT Scan",
   "CT Scan",
   "Computed Tomography",
   "Diagnostic Imaging",
   "Radiology",
   "dhis2:tac"
  ],
  "title": "CT Scan"
 },
 {
  "id": "syringe",
  "category": "devices",
  "path": "devices/syringe",
  "tags": [
   "Blood",
   "Diagnostic",
   "Injection",
   "Lab",
   "Liquid",
   "Needle",
   "Science",
   "Treatment",
   "dhis2:syringe"
  ],
  "title": "Syringe"
 },
 {
  "id": "surgical_sterilization",
  "category": "devices",
  "path": "devices/surgical_sterilization",
  "tags": [
   "Scalpel",
   "Sterilized Surgical Tools",
   "Surgeon",
   "Surgery",
   "Tweezers",
   "dhis2:surgical_sterilization"
  ],
  "title": "Surgical Tools"
 },
 {
  "id": "stethoscope",
  "category": "devices",
  "path": "devices/stethoscope",
  "tags": [
   "Device",
   "Diagnosis",
   "Doctor",
   "Medical Officer",
   "Vitals",
   "dhis2:stethoscope"
  ],
  "title": "Stethoscope"
 },
 {
  "id": "sayana_press",
  "category": "devices",
  "path": "devices/sayana_press",
  "tags": [
   "Contraceptive",
   "Family Planning",
   "dhis2:syana_press"
  ],
  "title": "Syana Press"
 },
 {
  "id": "sanitizer",
  "category": "devices",
  "path": "devices/sanitizer",
  "tags": [
   "Infection Control",
   "PPE",
   "dhis2:sanitizer"
  ],
  "title": "Sanitizer"
 },
 {
  "id": "ppe_mask_n95",
  "category": "devices",
  "path": "devices/ppe_mask_n95",
  "tags": [
   "Infection Control",
   "PPE",
   "dhis2:ppe_mask_n95"
  ],
  "title": "PPE Mask N95"
 },
 {
  "id": "ppe_gown",
  "category": "devices",
  "path": "devices/ppe_gown",
  "tags": [
   "Clothes",
   "Infection Control",
   "dhis2:ppe_gown"
  ],
  "title": "PPE Gown"
 },
 {
  "id": "ppe_gloves",
  "category": "devices",
  "path": "devices/ppe_gloves",
  "tags": [
   "Glove",
   "Hands",
   "Infection Control",
   "PPE",
   "dhis2:ppe_gloves"
  ],
  "title": "PPE Gloves"
 },
 {
  "id": "ppe_face_mask",
  "category": "devices",
  "path": "devices/ppe_face_mask",
  "tags": [
   "Infection Control",
   "PPE",
   "dhis2:ppe_face_mask"
  ],
  "title": "PPE Face Mask"
 },
 {
  "id": "oxygen_tank",
  "category": "devices",
  "path": "devices/oxygen_tank",
  "tags": [
   "02",
   "Air",
   "Breath dhis2:oxygen_tank",
   "Canister"
  ],
  "title": "Oxygen Tank"
 },
 {
  "id": "odontology_implant",
  "category": "devices",
  "path": "devices/odontology_implant",
  "tags": [
   "Dentist",
   "Tooth",
   "dhis2:odontology_implant"
  ],
  "title": "Odontology Implant"
 },
 {
  "id": "odontology",
  "category": "devices",
  "path": "devices/odontology",
  "tags": [
   "Dentist",
   "Tooth",
   "dhis2:odontology"
  ],
  "title": "Odontology"
 },
 {
  "id": "observation",
  "category": "devices",
  "path": "devices/observation",
  "tags": [
   "Bed",
   "Hospital",
   "Inpatient",
   "Observation",
   "Treatment",
   "dhis2:observation"
  ],
  "title": "Hospital Bed Timer"
 },
 {
  "id": "mobile",
  "category": "devices",
  "path": "devices/mobile",
  "tags": [
   "App",
   "Application",
   "Phone",
   "Smartphone",
   "dhis2:mobile_app",
   "eHealth"
  ],
  "title": "Mobile App"
 },
 {
  "id": "microscope",
  "category": "devices",
  "path": "devices/microscope",
  "tags": [
   "Diagnostic",
   "Lab",
   "Magnify",
   "Microscope",
   "dhis2:microscope"
  ],
  "title": "Microscope"
 },
 {
  "id": "mask",
  "category": "devices",
  "path": "devices/mask",
  "tags": [
   "Infection Control",
   "PPE",
   "dhis2:ppe_mask"
  ],
  "title": "Mask"
 },
 {
  "id": "male_condom",
  "category": "devices",
  "path": "devices/male_condom",
  "tags": [
   "Condom",
   "Contraceptive",
   "Family Planning",
   "dhis2:male_condom"
  ],
  "title": "Male Condom"
 },
 {
  "id": "llin",
  "category": "devices",
  "path": "devices/llin",
  "tags": [
   "Device",
   "Insecticide",
   "Long Lasting Insecticidal Nets",
   "Mosquito",
   "dhis2:llin"
  ],
  "title": "Bed Net"
 },
 {
  "id": "iud",
  "category": "devices",
  "path": "devices/iud",
  "tags": [
   "Contraceptive",
   "Family Planning",
   "IUD",
   "Intrauterine Device",
   "dhis2:iud"
  ],
  "title": "Intrauterine Device"
 },
 {
  "id": "inpatient",
  "category": "devices",
  "path": "devices/inpatient",
  "tags": [
   "Bed",
   "Hospital",
   "Inpatient",
   "Treatment",
   "dhis2:inpatient"
  ],
  "title": "Hospital Bed ALT"
 },
 {
  "id": "implant",
  "category": "devices",
  "path": "devices/implant",
  "tags": [
   "Device",
   "dhis2:implant"
  ],
  "title": "Implant"
 },
 {
  "id": "hospitalized",
  "category": "devices",
  "path": "devices/hospitalized",
  "tags": [
   "Bed",
   "Hospital",
   "IV drip",
   "Inpatient",
   "Intravenous Drip",
   "Treatment",
   "dhis2:hospitalized"
  ],
  "title": "Hospital Bed"
 },
 {
  "id": "hormonal_ring",
  "category": "devices",
  "path": "devices/hormonal_ring",
  "tags": [
   "Contraceptive",
   "Family Planning",
   "dhis2:hormonal_ring"
  ],
  "title": "Hormonal Ring"
 },
 {
  "id": "fever",
  "category": "devices",
  "path": "devices/fever",
  "tags": [
   "Fever",
   "High",
   "Temperature",
   "Thermometer",
   "dhis2:fever"
  ],
  "title": "High Temperature"
 },
 {
  "id": "female_condom",
  "category": "devices",
  "path": "devices/female_condom",
  "tags": [
   "Condom",
   "Contraceptive",
   "Family Planning",
   "dhis2:female_condom"
  ],
  "title": "Female Condom"
 },
 {
  "id": "family_planning",
  "category": "devices",
  "path": "devices/family_planning",
  "tags": [
   "Condom",
   "Contraceptive",
   "Family Planning",
   "IUD",
   "Pills",
   "dhis2:family_planning"
  ],
  "title": "Family Planning"
 },
 {
  "id": "discriminating_concentration_bioassays",
  "category": "devices",
  "path": "devices/discriminating_concentration_bioassays",
  "tags": [
   "Mosquito",
   "Test",
   "dhis2:discriminating_concentration_bioassays"
  ],
  "title": "Discriminating Concentration Bioassays"
 },
 {
  "id": "copper_iud",
  "category": "devices",
  "path": "devices/copper_iud",
  "tags": [
   "Contraceptive",
   "Family Planning",
   "IUD",
   "Intrauterine Device",
   "dhis2:copper_iud"
  ],
  "title": "Copper Intrauterine Device"
 },
 {
  "id": "contraceptive_patch",
  "category": "devices",
  "path": "devices/contraceptive_patch",
  "tags": [
   "Contraceptive",
   "Family Planning",
   "Patch",
   "dhis2:contraceptive_patch"
  ],
  "title": "Contraceptive Patch"
 },
 {
  "id": "contraceptive_injection",
  "category": "devices",
  "path": "devices/contraceptive_injection",
  "tags": [
   "Contraceptive",
   "Family Planning",
   "Injection",
   "dhis2:contraceptive_injection"
  ],
  "title": "Contraceptive Injection"
 },
 {
  "id": "contraceptive_diaphragm",
  "category": "devices",
  "path": "devices/contraceptive_diaphragm",
  "tags": [
   "Contraceptive",
   "Diaphragm",
   "Family Planning",
   "dhis2:contraceptive_diaphragm"
  ],
  "title": "Contraceptive Diaphragm"
 },
 {
  "id": "cold_chain",
  "category": "devices",
  "path": "devices/cold_chain",
  "tags": [
   "Cold",
   "Cold Chain",
   "Cool",
   "Freezer",
   "Low",
   "Refrigeration",
   "Temperature",
   "Thermometer",
   "dhis2:cold_chain"
  ],
  "title": "Cold Temperature"
 },
 {
  "id": "clinical_a",
  "category": "devices",
  "path": "devices/clinical_a",
  "tags": [
   "Diagnostic",
   "Lab",
   "Liquid",
   "Science",
   "dhis2:clinical_a"
  ],
  "title": "Test Tube"
 },
 {
  "id": "blood_pressure_monitor",
  "category": "devices",
  "path": "devices/blood_pressure_monitor",
  "tags": [
   "BP",
   "Cardiology",
   "Device",
   "Heart",
   "Hypertension",
   "dhis2:blood_pressure_monitor"
  ],
  "title": "Blood Pressure Monitor"
 },
 {
  "id": "blood_pressure_2",
  "category": "devices",
  "path": "devices/blood_pressure_2",
  "tags": [
   "BP",
   "Cardiology",
   "Device",
   "Heart",
   "Hypertension",
   "dhis2:blood_pressure_2"
  ],
  "title": "Blood Pressure Monitor ALT"
 },
 {
  "id": "blood_pressure",
  "category": "devices",
  "path": "devices/blood_pressure",
  "tags": [
   "BP",
   "Blood pressure",
   "Cardiology",
   "Diagnosis",
   "Heart",
   "Hypertension",
   "dhis2:blood_pressure_positive"
  ],
  "title": "Hypertension"
 },
 {
  "id": "blood_bag",
  "category": "blood",
  "path": "blood/blood_bag",
  "tags": [
   "Bag",
   "Blood",
   "Hematology",
   "Transfusion"
  ],
  "title": "Blood Bag"
 },
 {
  "id": "heart",
  "category": "body",
  "path": "body/heart",
  "tags": [
   "Cardiac",
   "Cardiologist",
   "Cardiology",
   "Coronary",
   "Heart",
   "Organ"
  ],
  "title": "Heart"
 },
 {
  "id": "tooth",
  "category": "body",
  "path": "body/tooth",
  "tags": [
   "Cavity",
   "Dental",
   "Mouth",
   "Oral",
   "Teeth"
  ],
  "title": "Tooth"
 },
 {
  "id": "stomach",
  "category": "body",
  "path": "body/stomach",
  "tags": [
   "Digestive System",
   "Gut",
   "Intestine",
   "Organ"
  ],
  "title": "Stomach"
 },
 {
  "id": "neurology",
  "category": "body",
  "path": "body/neurology",
  "tags": [
   "Brain",
   "Head",
   "Mental Health",
   "Neurology",
   "Organ",
   "Spine",
   "dhis2:brain"
  ],
  "title": "Brain"
 },
 {
  "id": "lungs",
  "category": "body",
  "path": "body/lungs",
  "tags": [
   "Organ",
   "Pulmonary dhis2:lungs"
  ],
  "title": "Lungs"
 },
 {
  "id": "kidneys",
  "category": "body",
  "path": "body/kidneys",
  "tags": [
   "Organ",
   "Urinary",
   "dhis2:kidney"
  ],
  "title": "Kidneys"
 },
 {
  "id": "eyes",
  "category": "body",
  "path": "body/eyes",
  "tags": [
   "Iris",
   "Lens",
   "Ocular",
   "Ophthalmology",
   "Organ",
   "Pupil"
  ],
  "title": "Eye"
 },
 {
  "id": "dna",
  "category": "body",
  "path": "body/dna",
  "tags": [
   "Chomosome",
   "Deoxyribonucleic Acid",
   "Double Helix"
  ],
  "title": "DNA"
 },
 {
  "id": "bacteria",
  "category": "body",
  "path": "body/bacteria",
  "tags": [
   "Bacterium",
   "Microbe",
   "Microorganism",
   "Microscopic"
  ],
  "title": "Bacteria"
 },
 {
  "id": "yes",
  "category": "symbols",
  "path": "symbols/yes",
  "tags": [
   "Approved",
   "Circle",
   "Success",
   "Yes",
   "dhis2:yes"
  ],
  "title": "Checkmark"
 },
 {
  "id": "water_treatment",
  "category": "symbols",
  "path": "symbols/water_treatment",
  "tags": [
   "Arrows",
   "Drop",
   "Water",
   "dhis2:water_treatment"
  ],
  "title": "Water Treatment"
 },
 {
  "id": "vih",
  "category": "symbols",
  "path": "symbols/vih",
  "tags": [
   "AIDS",
   "HIV",
   "Infection",
   "Infectious Disease",
   "Virus",
   "dhis2:vih"
  ],
  "title": "HIV"
 },
 {
  "id": "un_paved_road",
  "category": "symbols",
  "path": "symbols/un_paved_road",
  "tags": [
   "Curve",
   "Dirt",
   "Road",
   "dhis2:unpaved_road"
  ],
  "title": "Unpaved Road"
 },
 {
  "id": "tally",
  "category": "symbols",
  "path": "symbols/tally",
  "tags": [
   "Add",
   "Addition",
   "Count",
   "Math",
   "Register"
  ],
  "title": "Tally"
 },
 {
  "id": "stop",
  "category": "symbols",
  "path": "symbols/stop",
  "tags": [
   "Fingers",
   "Halt",
   "Hand",
   "Warning",
   "dhis2:stop"
  ],
  "title": "Stop"
 },
 {
  "id": "social_distancing",
  "category": "symbols",
  "path": "symbols/social_distancing",
  "tags": [
   "Apart",
   "Arrows",
   "Between",
   "Social Distance",
   "Space",
   "dhis2:social_distancing"
  ],
  "title": "Social Distancing"
 },
 {
  "id": "smoking_cessation",
  "category": "symbols",
  "path": "symbols/smoking_cessation",
  "tags": [],
  "title": "Smoking Cessation"
 },
 {
  "id": "smoking",
  "category": "symbols",
  "path": "symbols/smoking",
  "tags": [],
  "title": "Smoking"
 },
 {
  "id": "sexual_reproductive_health",
  "category": "symbols",
  "path": "symbols/sexual_reproductive_health",
  "tags": [],
  "title": "Sexual Reproductive Health"
 },
 {
  "id": "rx",
  "category": "symbols",
  "path": "symbols/rx",
  "tags": [],
  "title": "Rx"
 },
 {
  "id": "running_water_alt",
  "category": "symbols",
  "path": "symbols/running_water_alt",
  "tags": [],
  "title": "Running Water Alt"
 },
 {
  "id": "ribbon",
  "category": "symbols",
  "path": "symbols/ribbon",
  "tags": [],
  "title": "Ribbon"
 },
 {
  "id": "referral",
  "category": "symbols",
  "path": "symbols/referral",
  "tags": [
   "Admission",
   "Entrance",
   "Hospital",
   "Transfer",
   "dhis2:referral"
  ],
  "title": "Referral"
 },
 {
  "id": "question_triangle",
  "category": "symbols",
  "path": "symbols/question_triangle",
  "tags": [
   "Alert",
   "FAQ",
   "Question Mark",
   "Triangle",
   "dhis2:question_triangle"
  ],
  "title": "Question Triangle"
 },
 {
  "id": "question_circle",
  "category": "symbols",
  "path": "symbols/question_circle",
  "tags": [
   "Alert",
   "Ask",
   "FAQ",
   "Help",
   "Question",
   "dhis2:question_circle"
  ],
  "title": "Question Circle"
 },
 {
  "id": "question",
  "category": "symbols",
  "path": "symbols/question",
  "tags": [
   "FAQ",
   "Help",
   "Question Mark",
   "dhis2:question"
  ],
  "title": "Question"
 },
 {
  "id": "provider_fst",
  "category": "symbols",
  "path": "symbols/provider_fst",
  "tags": [
   "Admission",
   "Connect",
   "Hospital",
   "Transfer",
   "dhis2:provider_fst"
  ],
  "title": "Referral Alt"
 },
 {
  "id": "prescription_document",
  "category": "symbols",
  "path": "symbols/prescription_document",
  "tags": [],
  "title": "Prescription Document"
 },
 {
  "id": "positive",
  "category": "symbols",
  "path": "symbols/positive",
  "tags": [
   "Add",
   "Circle",
   "Create",
   "Positive",
   "dhis2:positive"
  ],
  "title": "Plus"
 },
 {
  "id": "polygon",
  "category": "symbols",
  "path": "symbols/polygon",
  "tags": [
   "Design",
   "Nodes",
   "Pentagon",
   "Shape",
   "dhis2:polygon"
  ],
  "title": "Polygon"
 },
 {
  "id": "poison",
  "category": "symbols",
  "path": "symbols/poison",
  "tags": [],
  "title": "Poison"
 },
 {
  "id": "peace",
  "category": "symbols",
  "path": "symbols/peace",
  "tags": [],
  "title": "Peace"
 },
 {
  "id": "paved_road_alt",
  "category": "symbols",
  "path": "symbols/paved_road_alt",
  "tags": [],
  "title": "Paved Road Alt"
 },
 {
  "id": "paved_road",
  "category": "symbols",
  "path": "symbols/paved_road",
  "tags": [
   "Curve",
   "Road",
   "dhis2:paved_road"
  ],
  "title": "Paved Road"
 },
 {
  "id": "outbreak",
  "category": "symbols",
  "path": "symbols/outbreak",
  "tags": [
   "Disease",
   "Infectious",
   "Outbreak",
   "Toxic",
   "dhis2:outbreak"
  ],
  "title": "Outbreak"
 },
 {
  "id": "nutrition",
  "category": "symbols",
  "path": "symbols/nutrition",
  "tags": [
   "Apple",
   "Carrot",
   "Diet",
   "Food",
   "Fruit",
   "Healthy",
   "Vegetables",
   "dhis2:nutrition"
  ],
  "title": "Nutrition"
 },
 {
  "id": "no",
  "category": "symbols",
  "path": "symbols/no",
  "tags": [
   "Cancel",
   "Circle",
   "Delete",
   "Denied",
   "Stop",
   "X",
   "dhis2:no"
  ],
  "title": "No"
 },
 {
  "id": "negative",
  "category": "symbols",
  "path": "symbols/negative",
  "tags": [],
  "title": "Negative"
 },
 {
  "id": "mosquito",
  "category": "symbols",
  "path": "symbols/mosquito",
  "tags": [],
  "title": "Mosquito"
 },
 {
  "id": "megaphone",
  "category": "symbols",
  "path": "symbols/megaphone",
  "tags": [
   "Announcement",
   "Noise",
   "Speaker",
   "dhis2:megaphone"
  ],
  "title": "Megaphone"
 },
 {
  "id": "medium_level",
  "category": "symbols",
  "path": "symbols/medium_level",
  "tags": [
   "Gauge",
   "Half",
   "Measure",
   "Meter",
   "Mid",
   "Speedometer",
   "dhis2:medium_level"
  ],
  "title": "Medium Level"
 },
 {
  "id": "medical_advice",
  "category": "symbols",
  "path": "symbols/medical_advice",
  "tags": [],
  "title": "Medical Advice"
 },
 {
  "id": "malaria_outbreak",
  "category": "symbols",
  "path": "symbols/malaria_outbreak",
  "tags": [],
  "title": "Malaria Outbreak"
 },
 {
  "id": "magnifying_glass",
  "category": "symbols",
  "path": "symbols/magnifying_glass",
  "tags": [
   "Detective",
   "Research",
   "Search",
   "Zoom",
   "dhis2:magnifying_glass"
  ],
  "title": "Magnifying Glass"
 },
 {
  "id": "low_level",
  "category": "symbols",
  "path": "symbols/low_level",
  "tags": [
   "Empty",
   "Gauge",
   "Measure",
   "Meter",
   "Slow",
   "Speedometer",
   "dhis2:low_level"
  ],
  "title": "Low Level"
 },
 {
  "id": "insecticide_resistance",
  "category": "symbols",
  "path": "symbols/insecticide_resistance",
  "tags": [
   "Mosquito",
   "dhis2:insecticide_resistance"
  ],
  "title": "Insecticide Resistant"
 },
 {
  "id": "info",
  "category": "symbols",
  "path": "symbols/info",
  "tags": [],
  "title": "Info"
 },
 {
  "id": "imm",
  "category": "symbols",
  "path": "symbols/imm",
  "tags": [],
  "title": "Imm"
 },
 {
  "id": "i_schedule_school_date_time",
  "category": "symbols",
  "path": "symbols/i_schedule_school_date_time",
  "tags": [
   "Appointment",
   "Cal",
   "Event",
   "Time",
   "dhis2:i_schedule_school_date_time"
  ],
  "title": "Calendar Schedule"
 },
 {
  "id": "i_note_action",
  "category": "symbols",
  "path": "symbols/i_note_action",
  "tags": [
   "Class",
   "Paper",
   "Test",
   "dhis2:i_note_action"
  ],
  "title": "Notes"
 },
 {
  "id": "i_exam_qualification",
  "category": "symbols",
  "path": "symbols/i_exam_qualification",
  "tags": [
   "A",
   "Class",
   "Mark",
   "Test",
   "dhis2:I_exam_qualification"
  ],
  "title": "Exam"
 },
 {
  "id": "i_exam_multiple_choice",
  "category": "symbols",
  "path": "symbols/i_exam_multiple_choice",
  "tags": [
   "Document",
   "Exam",
   "Note",
   "Paper",
   "Test",
   "dhis2:i_exam_multiple_choice"
  ],
  "title": "Exam Multiple-Choice"
 },
 {
  "id": "i_documents_denied",
  "category": "symbols",
  "path": "symbols/i_documents_denied",
  "tags": [
   "Document",
   "Paper",
   "Test",
   "dhis2:i_documents_denied"
  ],
  "title": "Denied Document"
 },
 {
  "id": "i_documents_accepted",
  "category": "symbols",
  "path": "symbols/i_documents_accepted",
  "tags": [
   "Document",
   "Paper",
   "Test",
   "dhis2:i_documents_accepted"
  ],
  "title": "Approved Document"
 },
 {
  "id": "i_certificate_paper",
  "category": "symbols",
  "path": "symbols/i_certificate_paper",
  "tags": [
   "Document",
   "Paper",
   "Test",
   "dhis2:i_certificate"
  ],
  "title": "Certificate"
 },
 {
  "id": "hpv",
  "category": "symbols",
  "path": "symbols/hpv",
  "tags": [
   "Human Papillomavirus",
   "Infection",
   "Infectious Disease",
   "Virus",
   "dhis2:vih"
  ],
  "title": "HPV"
 },
 {
  "id": "hospital_symbol",
  "category": "symbols",
  "path": "symbols/hospital_symbol",
  "tags": [
   "Building",
   "Clinic",
   "H",
   "Hospital",
   "Sign",
   "Symbol"
  ],
  "title": "Hospital Symbol"
 },
 {
  "id": "hiv_pos",
  "category": "symbols",
  "path": "symbols/hiv_pos",
  "tags": [
   "AIDS",
   "HIV",
   "dhis2:hiv_pos"
  ],
  "title": "HIV Positive"
 },
 {
  "id": "hiv_neg",
  "category": "symbols",
  "path": "symbols/hiv_neg",
  "tags": [
   "AIDS",
   "HIV",
   "dhis2:hiv_neg"
  ],
  "title": "HIV Negative"
 },
 {
  "id": "hiv_ind",
  "category": "symbols",
  "path": "symbols/hiv_ind",
  "tags": [
   "AIDS",
   "HIV",
   "dhis2:hiv_ind"
  ],
  "title": "HIV Inconclusive"
 },
 {
  "id": "high_level",
  "category": "symbols",
  "path": "symbols/high_level",
  "tags": [
   "Fast",
   "Full",
   "Gauge",
   "Measure",
   "Meter",
   "Speedometer",
   "dhis2:high_level"
  ],
  "title": "High Level"
 },
 {
  "id": "heart_cardiogram",
  "category": "symbols",
  "path": "symbols/heart_cardiogram",
  "tags": [
   "Cardiology",
   "ECG",
   "EKG",
   "Electrocardiogram",
   "Heart",
   "Monitor",
   "dhis2:heart_cardiogram"
  ],
  "title": "Cardiogram"
 },
 {
  "id": "heart",
  "category": "symbols",
  "path": "symbols/heart",
  "tags": [
   "Cardiology",
   "Favorite",
   "Like",
   "Love",
   "dhis2:heart"
  ],
  "title": "Heart"
 },
 {
  "id": "health_worker_form",
  "category": "symbols",
  "path": "symbols/health_worker_form",
  "tags": [
   "Doctor",
   "Document",
   "Nurse",
   "Paper",
   "Patient",
   "Test",
   "dhis2:health_worker_form"
  ],
  "title": "Health Worker Form"
 },
 {
  "id": "health_data_sync",
  "category": "symbols",
  "path": "symbols/health_data_sync",
  "tags": [],
  "title": "Health Data Sync"
 },
 {
  "id": "health_data_security",
  "category": "symbols",
  "path": "symbols/health_data_security",
  "tags": [],
  "title": "Health Data Security"
 },
 {
  "id": "hazardous",
  "category": "symbols",
  "path": "symbols/hazardous",
  "tags": [
   "Alert",
   "Danger",
   "Radiation",
   "Radioactive",
   "Warning",
   "dhis2:hazardous"
  ],
  "title": "Hazardous"
 },
 {
  "id": "geo_location",
  "category": "symbols",
  "path": "symbols/geo_location",
  "tags": [
   "GIS",
   "Geo",
   "Location",
   "Map",
   "Pin",
   "dhis2:geo_location"
  ],
  "title": "Location"
 },
 {
  "id": "exercise",
  "category": "symbols",
  "path": "symbols/exercise",
  "tags": [
   "Fitness",
   "Strong",
   "Weightlifting",
   "Weights",
   "Wellness",
   "dhis2:exercise"
  ],
  "title": "Exercise"
 },
 {
  "id": "electricity",
  "category": "symbols",
  "path": "symbols/electricity",
  "tags": [
   "Bulb",
   "Light bulb",
   "Lightning",
   "Zap",
   "dhis2:electricity"
  ],
  "title": "Electricity"
 },
 {
  "id": "eco_care",
  "category": "symbols",
  "path": "symbols/eco_care",
  "tags": [
   "Earth",
   "Environment",
   "Environmentalism",
   "Heart",
   "Plant",
   "dhis2:eco_care"
  ],
  "title": "Ecology"
 },
 {
  "id": "donkey",
  "category": "symbols",
  "path": "symbols/donkey",
  "tags": [
   "Animal",
   "Ass",
   "Farm",
   "Mule",
   "dhis2:donkey"
  ],
  "title": "Donkey"
 },
 {
  "id": "diabetes_measure",
  "category": "symbols",
  "path": "symbols/diabetes_measure",
  "tags": [
   "Blood Sugar",
   "DM",
   "Diabetes",
   "Strip",
   "dhis2:diabetes_measure"
  ],
  "title": "Diabetes Measure"
 },
 {
  "id": "diabetes",
  "category": "symbols",
  "path": "symbols/diabetes",
  "tags": [
   "DM",
   "Endocrine",
   "Endocrinology",
   "Glucose",
   "Sugar",
   "dhis2:diabetes"
  ],
  "title": "Diabetes"
 },
 {
  "id": "dhis2_logo",
  "category": "symbols",
  "path": "symbols/dhis2_logo",
  "tags": [
   "Layers",
   "Squares",
   "dhis2:dhis2_logo"
  ],
  "title": "DHIS2 Logo"
 },
 {
  "id": "default",
  "category": "symbols",
  "path": "symbols/default",
  "tags": [
   "Document",
   "Paper",
   "Test",
   "dhis2:default"
  ],
  "title": "Document Edit"
 },
 {
  "id": "death_alt2",
  "category": "symbols",
  "path": "symbols/death_alt2",
  "tags": [
   "Casket",
   "Dead",
   "Death",
   "Died"
  ],
  "title": "Death Alt 2"
 },
 {
  "id": "death_alt",
  "category": "symbols",
  "path": "symbols/death_alt",
  "tags": [
   "Casket",
   "Dead",
   "Death",
   "Died",
   "Skull"
  ],
  "title": "Death Alt"
 },
 {
  "id": "death",
  "category": "symbols",
  "path": "symbols/death",
  "tags": [
   "Casket",
   "Dead",
   "Death",
   "Died",
   "Skull"
  ],
  "title": "Death"
 },
 {
  "id": "contraceptive_voucher",
  "category": "symbols",
  "path": "symbols/contraceptive_voucher",
  "tags": [
   "Condom",
   "Contraception",
   "Sperm",
   "dhis2:contraceptive_voucher"
  ],
  "title": "Contraceptive"
 },
 {
  "id": "contact_support",
  "category": "symbols",
  "path": "symbols/contact_support",
  "tags": [
   "Chat",
   "Contact",
   "FAQ",
   "Help",
   "Question Mark",
   "Speech Bubble",
   "dhis2:contact_support"
  ],
  "title": "Support"
 },
 {
  "id": "community_meeting",
  "category": "symbols",
  "path": "symbols/community_meeting",
  "tags": [
   "Group",
   "Meditation",
   "Tree",
   "dhis2:community_meeting"
  ],
  "title": "Outdoor Meeting"
 },
 {
  "id": "communication",
  "category": "symbols",
  "path": "symbols/communication",
  "tags": [
   "Communication",
   "Message",
   "Speech Bubble",
   "dhis2:communication"
  ],
  "title": "Chat"
 },
 {
  "id": "clinical_fe",
  "category": "symbols",
  "path": "symbols/clinical_fe",
  "tags": [
   "Clinical Note",
   "Doctor Note",
   "Document",
   "Note",
   "Paper",
   "dhis2:clinical_fe"
  ],
  "title": "Clinical Record"
 },
 {
  "id": "clinical_f",
  "category": "symbols",
  "path": "symbols/clinical_f",
  "tags": [
   "Clinical Note",
   "Doctor Note",
   "Document",
   "Note",
   "Paper",
   "dhis2:clinical_f"
  ],
  "title": "Clinical Document"
 },
 {
  "id": "cholera",
  "category": "symbols",
  "path": "symbols/cholera",
  "tags": [
   "Disease",
   "Tap",
   "Water",
   "Water Borne Disease",
   "dhis2:cholera"
  ],
  "title": "Cholera"
 },
 {
  "id": "cervical_cancer",
  "category": "symbols",
  "path": "symbols/cervical_cancer",
  "tags": [
   "Cancer",
   "Cervix",
   "Woman",
   "dhis2:cervical_cancer"
  ],
  "title": "Cervical Cancer"
 },
 {
  "id": "cardiogram_e",
  "category": "symbols",
  "path": "symbols/cardiogram_e",
  "tags": [
   "Cardiology",
   "Heart",
   "Heartbeat",
   "dhis2:cardiogram_e"
  ],
  "title": "Cardiogram Edit"
 },
 {
  "id": "cardiogram",
  "category": "symbols",
  "path": "symbols/cardiogram",
  "tags": [
   "Cardiology",
   "Heart",
   "Heartbeat",
   "dhis2:cardiogram"
  ],
  "title": "Cardiogram"
 },
 {
  "id": "cannabis",
  "category": "symbols",
  "path": "symbols/cannabis",
  "tags": [
   "CDB",
   "Hemp",
   "Marijuana",
   "Wacky Tobaccy",
   "Weed"
  ],
  "title": "Cannabis"
 },
 {
  "id": "calendar",
  "category": "symbols",
  "path": "symbols/calendar",
  "tags": [
   "Appointment",
   "Cal",
   "Event",
   "dhis2:calendar"
  ],
  "title": "Calendar"
 },
 {
  "id": "breeding_sites",
  "category": "symbols",
  "path": "symbols/breeding_sites",
  "tags": [],
  "title": "Breeding Sites"
 },
 {
  "id": "book",
  "category": "symbols",
  "path": "symbols/book",
  "tags": [],
  "title": "Book"
 },
 {
  "id": "award_trophy",
  "category": "symbols",
  "path": "symbols/award_trophy",
  "tags": [
   "Prize",
   "Success",
   "Trophy",
   "dhis2:award_trophy"
  ],
  "title": "Trophy"
 },
 {
  "id": "award_ribbon",
  "category": "symbols",
  "path": "symbols/award_ribbon",
  "tags": [
   "Prize",
   "Ribbon",
   "Success",
   "Trophy",
   "dhis2:award_ribbon"
  ],
  "title": "Award"
 },
 {
  "id": "alert_triangle",
  "category": "symbols",
  "path": "symbols/alert_triangle",
  "tags": [
   "Alert",
   "Exclamation Mark",
   "Exclamation Point",
   "Triangle",
   "dhis2:alert_triangle"
  ],
  "title": "Warning Triangle"
 },
 {
  "id": "alert_circle",
  "category": "symbols",
  "path": "symbols/alert_circle",
  "tags": [
   "Exclamation Point",
   "Warning",
   "dhis2:alert_circle"
  ],
  "title": "Alert Circle"
 },
 {
  "id": "alert",
  "category": "symbols",
  "path": "symbols/alert",
  "tags": [
   "Alert",
   "Exclamation Mark",
   "Exclamation Point",
   "dhis2:alert"
  ],
  "title": "Warning"
 },
 {
  "id": "young_people",
  "category": "people",
  "path": "people/young_people",
  "tags": [
   "Boy",
   "Child",
   "Female",
   "Girl",
   "Kids",
   "Male",
   "Teen",
   "Young",
   "Youth",
   "dhis2:young_people"
  ],
  "title": "Youth"
 },
 {
  "id": "woman",
  "category": "people",
  "path": "people/woman",
  "tags": [
   "Female",
   "Gender",
   "Girl",
   "Sex",
   "Symbol",
   "Woman",
   "dhis2:woman"
  ],
  "title": "Woman"
 },
 {
  "id": "wold_care",
  "category": "people",
  "path": "people/wold_care",
  "tags": [
   "Activism",
   "Environment",
   "Globe",
   "Hands",
   "dhis2:world_care"
  ],
  "title": "Environmental"
 },
 {
  "id": "water_sanitation",
  "category": "people",
  "path": "people/water_sanitation",
  "tags": [
   "Clean",
   "Fingers",
   "Hand",
   "Hygiene",
   "Sanitation",
   "dhis2:wash_hands"
  ],
  "title": "Water Sanitation"
 },
 {
  "id": "wash_hands",
  "category": "people",
  "path": "people/wash_hands",
  "tags": [
   "Clean",
   "Fingers",
   "Hand",
   "Hygiene",
   "Sanitation",
   "dhis2:wash_hands"
  ],
  "title": "Wash Hands"
 },
 {
  "id": "underweight",
  "category": "people",
  "path": "people/underweight",
  "tags": [
   "Patient",
   "People",
   "Thin",
   "Underweight",
   "Vitals",
   "dhis2:underweight"
  ],
  "title": "Underweight"
 },
 {
  "id": "travel",
  "category": "people",
  "path": "people/travel",
  "tags": [
   "Flight",
   "Person",
   "Suitcase",
   "Travel",
   "dhis2:travel"
  ],
  "title": "Traveller"
 },
 {
  "id": "traumatism",
  "category": "people",
  "path": "people/traumatism",
  "tags": [
   "ER",
   "Emergency",
   "Injury",
   "Patient",
   "People",
   "Trauma",
   "dhis2:traumatism"
  ],
  "title": "Trauma"
 },
 {
  "id": "transgender",
  "category": "people",
  "path": "people/transgender",
  "tags": [
   "Gender",
   "Sex",
   "Symbol",
   "Trans",
   "Transgender",
   "dhis2:transgender"
  ],
  "title": "Transgender"
 },
 {
  "id": "tb",
  "category": "people",
  "path": "people/tb",
  "tags": [
   "Lungs",
   "Organ",
   "TB",
   "dhis2:tb"
  ],
  "title": "Tuberculosis"
 },
 {
  "id": "symptom",
  "category": "people",
  "path": "people/symptom",
  "tags": [
   "Diagnosis",
   "Evaluation",
   "Patient",
   "Person",
   "dhis2:symptom"
  ],
  "title": "Symptoms"
 },
 {
  "id": "sweating",
  "category": "people",
  "path": "people/sweating",
  "tags": [
   "Fever",
   "Illness",
   "Person",
   "Sick",
   "Symptom dhis2:sweating",
   "Temperature"
  ],
  "title": "Sweating"
 },
 {
  "id": "sti",
  "category": "people",
  "path": "people/sti",
  "tags": [
   "Disease",
   "Illness",
   "Person",
   "STD",
   "STI",
   "Sex",
   "Sexual",
   "Sick",
   "Symptom dhis2:sti"
  ],
  "title": "Sexually Transmitted Infection"
 },
 {
  "id": "spraying",
  "category": "people",
  "path": "people/spraying",
  "tags": [
   "Crop Spray",
   "Herbicide",
   "Insecticide",
   "Person",
   "Worker",
   "dhis2:spraying"
  ],
  "title": "Spraying"
 },
 {
  "id": "sad",
  "category": "people",
  "path": "people/sad",
  "tags": [
   "Bad",
   "Face",
   "Frown",
   "Negative",
   "Sad",
   "dhis2:sad"
  ],
  "title": "Sad"
 },
 {
  "id": "rmnh",
  "category": "people",
  "path": "people/rmnh",
  "tags": [
   "Antenatal",
   "Baby",
   "Child",
   "Mother",
   "Postnatal",
   "RMNH",
   "dhis2:rmnh"
  ],
  "title": "Reproductive Maternal and Newborn Health"
 },
 {
  "id": "refused",
  "category": "people",
  "path": "people/refused",
  "tags": [
   "Fingers",
   "Five",
   "Palm",
   "Refused",
   "Stop",
   "dhis2:refused"
  ],
  "title": "Hand"
 },
 {
  "id": "pwid",
  "category": "people",
  "path": "people/pwid",
  "tags": [
   "Arm",
   "Drugs",
   "IV",
   "Intravenous",
   "Narcotics",
   "Needle",
   "People",
   "dhis2:pwid"
  ],
  "title": "People Who Inject Drugs"
 },
 {
  "id": "pregnant_3638w",
  "category": "people",
  "path": "people/pregnant_3638w",
  "tags": [
   "ANC",
   "Antenatal",
   "Mother",
   "Person",
   "Pregnancy",
   "Woman",
   "dhis2:pregnant_3638w"
  ],
  "title": "36-38 Weeks Pregnant"
 },
 {
  "id": "pregnant_2426w",
  "category": "people",
  "path": "people/pregnant_2426w",
  "tags": [
   "ANC",
   "Antenatal",
   "Mother",
   "Person",
   "Pregnancy",
   "Woman",
   "dhis2:pregnant_2426w"
  ],
  "title": "24-26 Weeks Pregnant"
 },
 {
  "id": "pregnant_32w",
  "category": "people",
  "path": "people/pregnant_32w",
  "tags": [
   "ANC",
   "Antenatal",
   "Mother",
   "Person",
   "Pregnancy",
   "Woman",
   "dhis2:pregnant_32w"
  ],
  "title": "32 Weeks Pregnant"
 },
 {
  "id": "pregnant_0812w",
  "category": "people",
  "path": "people/pregnant_0812w",
  "tags": [
   "ANC",
   "Antenatal",
   "Mother",
   "Person",
   "Pregnancy",
   "Woman",
   "dhis2:pregnant_0812w"
  ],
  "title": "8-12 Weeks Pregnant"
 },
 {
  "id": "pregnant",
  "category": "people",
  "path": "people/pregnant",
  "tags": [
   "ANC",
   "Mother",
   "Person",
   "Pregnancy",
   "Woman",
   "antenatal",
   "dhis2:pregnant"
  ],
  "title": "Pregnant"
 },
 {
  "id": "pneumonia",
  "category": "people",
  "path": "people/pneumonia",
  "tags": [
   "Lung",
   "Lungs",
   "Organ",
   "Pneumonia",
   "dhis2:pneumonia"
  ],
  "title": "Pneumonia"
 },
 {
  "id": "plantation_worker",
  "category": "people",
  "path": "people/plantation_worker",
  "tags": [
   "Agriculture",
   "Farmer",
   "Pitchfork",
   "Plantation",
   "Worker",
   "dhis2:plantation_worker"
  ],
  "title": "Plantation Worker"
 },
 {
  "id": "person",
  "category": "people",
  "path": "people/person",
  "tags": [
   "Adult",
   "Avatar",
   "Man",
   "Parent",
   "User",
   "Woman",
   "dhis2:person"
  ],
  "title": "Person"
 },
 {
  "id": "people",
  "category": "people",
  "path": "people/people",
  "tags": [
   "Avatars",
   "Group",
   "Parent",
   "Person",
   "Two People",
   "Users",
   "dhis2:people"
  ],
  "title": "People"
 },
 {
  "id": "overweight",
  "category": "people",
  "path": "people/overweight",
  "tags": [
   "Obese",
   "Overweight",
   "Patient",
   "People",
   "Vitals",
   "dhis2:overweight"
  ],
  "title": "Overweight"
 },
 {
  "id": "outpatient",
  "category": "people",
  "path": "people/outpatient",
  "tags": [
   "Checkup",
   "Doctor",
   "Hospital",
   "OPD",
   "Outpatient Department",
   "Patient",
   "Visit",
   "dhis2:outpatient"
  ],
  "title": "Outpatient"
 },
 {
  "id": "old_woman",
  "category": "people",
  "path": "people/old_woman",
  "tags": [
   "Female",
   "Geriatric",
   "Old",
   "Symbol",
   "Woman",
   "dhis2:old_woman"
  ],
  "title": "Elderly Woman"
 },
 {
  "id": "old_man",
  "category": "people",
  "path": "people/old_man",
  "tags": [
   "Geriatric",
   "Male",
   "Man",
   "Old",
   "Symbol",
   "dhis2:old_man"
  ],
  "title": "Elderly Person"
 },
 {
  "id": "ok",
  "category": "people",
  "path": "people/ok",
  "tags": [
   "Face",
   "Happy",
   "OK",
   "Okay",
   "Smile",
   "dhis2:ok"
  ],
  "title": "Smile"
 },
 {
  "id": "not_ok",
  "category": "people",
  "path": "people/not_ok",
  "tags": [
   "Bad",
   "Face",
   "Frown",
   "Negative",
   "dhis2:not_ok"
  ],
  "title": "Frown"
 },
 {
  "id": "neutral",
  "category": "people",
  "path": "people/neutral",
  "tags": [
   "Face",
   "Neutral",
   "OK",
   "Okay",
   "dhis2:neutral"
  ],
  "title": "Neutral"
 },
 {
  "id": "nausea",
  "category": "people",
  "path": "people/nausea",
  "tags": [
   "Cold",
   "Hot",
   "Person",
   "Shaking",
   "Sick",
   "Symptom",
   "Temperature",
   "Vomit",
   "dhis2:nausea"
  ],
  "title": "Nausea"
 },
 {
  "id": "msm",
  "category": "people",
  "path": "people/msm",
  "tags": [
   "Male",
   "Man",
   "Sex",
   "dhis2:msm"
  ],
  "title": "Men Who Have Sex With Men"
 },
 {
  "id": "miner_worker",
  "category": "people",
  "path": "people/miner_worker",
  "tags": [
   "Helmet",
   "Industry",
   "Miner",
   "Worker",
   "dhis2:miner_worker"
  ],
  "title": "Miner"
 },
 {
  "id": "mental_disorders",
  "category": "people",
  "path": "people/mental_disorders",
  "tags": [
   "Brain",
   "Head",
   "Mental Health",
   "Neurology",
   "Spine",
   "dhis2:mental_disorders"
  ],
  "title": "Mental Disorder"
 },
 {
  "id": "measles",
  "category": "people",
  "path": "people/measles",
  "tags": [
   "Disease",
   "Emoji",
   "Face",
   "Fever",
   "Measles",
   "dhis2:measles"
  ],
  "title": "Measles"
 },
 {
  "id": "man",
  "category": "people",
  "path": "people/man",
  "tags": [
   "Boy",
   "Gender",
   "Male",
   "Man",
   "Sex",
   "Symbol",
   "dhis2:man"
  ],
  "title": "Person"
 },
 {
  "id": "male_sex_worker",
  "category": "people",
  "path": "people/male_sex_worker",
  "tags": [
   "Male",
   "Person",
   "Prostitute",
   "Worker",
   "dhis2:sex_worker_male"
  ],
  "title": "Sex Worker"
 },
 {
  "id": "male_and_female",
  "category": "people",
  "path": "people/male_and_female",
  "tags": [
   "Couple",
   "Man",
   "People",
   "Woman",
   "dhis2:male_and_female"
  ],
  "title": "Male and Female"
 },
 {
  "id": "lactation",
  "category": "people",
  "path": "people/lactation",
  "tags": [
   "Baby",
   "Breast",
   "Lactation",
   "Milk",
   "Mother",
   "Nursing",
   "Postnatal",
   "Pregnant",
   "dhis2:lactation"
  ],
  "title": "Nursing Mother"
 },
 {
  "id": "i_training_class",
  "category": "people",
  "path": "people/i_training_class",
  "tags": [
   "Class",
   "Person",
   "Presentation",
   "School",
   "Teacher",
   "Teaching",
   "Train",
   "dhis2:i_training_class"
  ],
  "title": "Training"
 },
 {
  "id": "health_worker",
  "category": "people",
  "path": "people/health_worker",
  "tags": [
   "Doctor",
   "Health Provider",
   "Nurse",
   "dhis2:health_worker"
  ],
  "title": "Health Worker"
 },
 {
  "id": "headache",
  "category": "people",
  "path": "people/headache",
  "tags": [
   "Headache",
   "Illness",
   "Person",
   "Sick",
   "Symptom dhis2:headache"
  ],
  "title": "Headache"
 },
 {
  "id": "happy",
  "category": "people",
  "path": "people/happy",
  "tags": [
   "Content",
   "Face",
   "Joy",
   "Laugh",
   "Smile",
   "dhis2:happy"
  ],
  "title": "Happy"
 },
 {
  "id": "group_discussion_meetingx3",
  "category": "people",
  "path": "people/group_discussion_meetingx3",
  "tags": [
   "Chat",
   "Discussion",
   "Forum",
   "Meeting",
   "People",
   "Speech",
   "dhis2:group_discussion_meetingx3"
  ],
  "title": "Group Discussion"
 },
 {
  "id": "group_discussion_meeting",
  "category": "people",
  "path": "people/group_discussion_meeting",
  "tags": [
   "Chat",
   "Discussion",
   "Forum",
   "Meeting",
   "People",
   "Speech",
   "dhis2:discussion_meeting"
  ],
  "title": "Discussion"
 },
 {
  "id": "girl_1015y",
  "category": "people",
  "path": "people/girl_1015y",
  "tags": [
   "Child",
   "Female",
   "Girl",
   "Teen",
   "dhis2:girl_1015y"
  ],
  "title": "Girl 10-15 Years"
 },
 {
  "id": "girl_0105y",
  "category": "people",
  "path": "people/girl_0105y",
  "tags": [
   "Child",
   "Female",
   "Girl",
   "Toddler",
   "dhis2:girl_0105y"
  ],
  "title": "Girl 1-5 Years"
 },
 {
  "id": "forum",
  "category": "people",
  "path": "people/forum",
  "tags": [
   "Chat",
   "Discussion",
   "Forum",
   "Meeting",
   "People",
   "Speech",
   "dhis2:forum"
  ],
  "title": "Chat"
 },
 {
  "id": "fever",
  "category": "people",
  "path": "people/fever",
  "tags": [
   "Face",
   "Fever",
   "Frown",
   "Negative",
   "Sick",
   "Symptom",
   "Thermometer",
   "dhis2:fever"
  ],
  "title": "Fever"
 },
 {
  "id": "fetus",
  "category": "people",
  "path": "people/fetus",
  "tags": [
   "ANC",
   "Antenatal",
   "Baby",
   "Placenta",
   "Umbilical Cord",
   "dhis2:fetus"
  ],
  "title": "Fetus"
 },
 {
  "id": "female_sex_worker",
  "category": "people",
  "path": "people/female_sex_worker",
  "tags": [
   "Female",
   "Person",
   "Prostitute",
   "Woman",
   "Worker",
   "dhis2:sex_worker_male"
  ],
  "title": "Sex Worker Female"
 },
 {
  "id": "female_and_male",
  "category": "people",
  "path": "people/female_and_male",
  "tags": [
   "Couple",
   "Man",
   "People",
   "Woman",
   "dhis2:female_and_male"
  ],
  "title": "Female and Male"
 },
 {
  "id": "expectorate",
  "category": "people",
  "path": "people/expectorate",
  "tags": [
   "Aerosol",
   "Cough",
   "Emoji",
   "Face",
   "Sneeze",
   "dhis2:expectorate"
  ],
  "title": "Expectorate"
 },
 {
  "id": "elderly",
  "category": "people",
  "path": "people/elderly",
  "tags": [
   "Cane",
   "Couple",
   "Elder",
   "Geriatric",
   "Man",
   "Old",
   "People",
   "Woman",
   "dhis2:elderly"
  ],
  "title": "Elderly People"
 },
 {
  "id": "domestic_worker",
  "category": "people",
  "path": "people/domestic_worker",
  "tags": [
   "Cleaner",
   "Labor",
   "Plumber",
   "dhis2:domestic_worker"
  ],
  "title": "Domestic Worker"
 },
 {
  "id": "doctor_male",
  "category": "people",
  "path": "people/doctor_male",
  "tags": [
   "Doctor",
   "MD",
   "Man",
   "Stethoscope",
   "dhis2:doctor_female"
  ],
  "title": "Male Doctor"
 },
 {
  "id": "doctor_female",
  "category": "people",
  "path": "people/doctor_female",
  "tags": [
   "Doctor",
   "MD",
   "Stethoscope",
   "Woman",
   "dhis2:doctor_female"
  ],
  "title": "Female Doctor"
 },
 {
  "id": "doctor",
  "category": "people",
  "path": "people/doctor",
  "tags": [
   "Healthcare Worker",
   "Medical Officer",
   "Stethoscope",
   "Worker",
   "dhis2:doctor"
  ],
  "title": "Doctor"
 },
 {
  "id": "diarrhea",
  "category": "people",
  "path": "people/diarrhea",
  "tags": [
   "Diarrhea",
   "Feces",
   "Person",
   "Sick",
   "Symptom",
   "dhis2:diarrhea"
  ],
  "title": "Diarrhea"
 },
 {
  "id": "diabetes",
  "category": "people",
  "path": "people/diabetes",
  "tags": [
   "Blood",
   "Blood Test Hand"
  ],
  "title": "Diabetes"
 },
 {
  "id": "deaf",
  "category": "people",
  "path": "people/deaf",
  "tags": [
   "Ear",
   "Hearing",
   "Hearing Impaired"
  ],
  "title": "Deaf"
 },
 {
  "id": "coughing",
  "category": "people",
  "path": "people/coughing",
  "tags": [
   "Aerosol",
   "Cough",
   "Expectorate",
   "Mouth",
   "Sneeze",
   "Symptom",
   "dhis2:coughing"
  ],
  "title": "Coughing"
 },
 {
  "id": "clean_hands",
  "category": "people",
  "path": "people/clean_hands",
  "tags": [
   "Clean",
   "Fingers",
   "Hand",
   "Hygiene",
   "Sanitation",
   "dhis2:clean_hands"
  ],
  "title": "Clean Hands"
 },
 {
  "id": "city_worker",
  "category": "people",
  "path": "people/city_worker",
  "tags": [
   "Business",
   "Official",
   "Suit",
   "Worker",
   "dhis2:city_worker"
  ],
  "title": "Business Person"
 },
 {
  "id": "chills_fever",
  "category": "people",
  "path": "people/chills_fever",
  "tags": [
   "Chills",
   "Cold",
   "Hot",
   "Person",
   "Shaking",
   "Sick",
   "Symptom",
   "Temperature",
   "dhis2:chills_fever"
  ],
  "title": "Fever"
 },
 {
  "id": "chills",
  "category": "people",
  "path": "people/chills",
  "tags": [
   "Cold",
   "Freezing",
   "Hypothermia",
   "Person",
   "Shake",
   "Symptom",
   "dhis2:chills"
  ],
  "title": "Chills"
 },
 {
  "id": "child_program",
  "category": "people",
  "path": "people/child_program",
  "tags": [
   "Boy",
   "Child",
   "Child Program",
   "Family",
   "Female",
   "Girl",
   "Kids",
   "Male",
   "Siblings",
   "Young",
   "Youth",
   "dhis2:child_program"
  ],
  "title": "Children"
 },
 {
  "id": "child_cognition",
  "category": "people",
  "path": "people/child_cognition",
  "tags": [
   "Brain",
   "Education",
   "Head",
   "Learning",
   "Mental Health",
   "Neurology",
   "Spine",
   "dhis2:child_cognition"
  ],
  "title": "Child Cognition"
 },
 {
  "id": "child_care",
  "category": "people",
  "path": "people/child_care",
  "tags": [
   "Baby",
   "Childcare",
   "Parent",
   "dhis2:child_care"
  ],
  "title": "Child care"
 },
 {
  "id": "boy_1015y",
  "category": "people",
  "path": "people/boy_1015y",
  "tags": [
   "Boy",
   "Child",
   "Male",
   "Teen",
   "dhis2:boy_1015y"
  ],
  "title": "Child 10-15 Years"
 },
 {
  "id": "boy_0105y",
  "category": "people",
  "path": "people/boy_0105y",
  "tags": [
   "Boy",
   "Child",
   "Male",
   "Toddler",
   "dhis2:boy_0105y"
  ],
  "title": "Child 1-5 Years"
 },
 {
  "id": "baby_male_0306m",
  "category": "people",
  "path": "people/baby_male_0306m",
  "tags": [
   "Boy",
   "Crawl",
   "Diaper",
   "Girl",
   "Infant",
   "dhis2:baby_male"
  ],
  "title": "Baby"
 },
 {
  "id": "baby_male_0203m",
  "category": "people",
  "path": "people/baby_male_0203m",
  "tags": [
   "Boy",
   "Diaper",
   "Girl",
   "Infant",
   "dhis2:baby_male_0203m"
  ],
  "title": "Baby 2-3 Months"
 },
 {
  "id": "baby_female_0306m",
  "category": "people",
  "path": "people/baby_female_0306m",
  "tags": [
   "Crawl",
   "Diaper",
   "Female",
   "Infant",
   "dhis2:baby_female"
  ],
  "title": "Baby Girl"
 },
 {
  "id": "asthma",
  "category": "people",
  "path": "people/asthma",
  "tags": [
   "Inhaler",
   "Mouth"
  ],
  "title": "Asthma"
 },
 {
  "id": "ancv",
  "category": "people",
  "path": "people/ancv",
  "tags": [
   "ANC",
   "Mother",
   "Pregnancy",
   "Pregnant",
   "dhis2:ancv"
  ],
  "title": "Antenatal Care Visit"
 },
 {
  "id": "allergies",
  "category": "people",
  "path": "people/allergies",
  "tags": [
   "Hand",
   "Rash",
   "dhis2:allergies"
  ],
  "title": "Allergies"
 },
 {
  "id": "agriculture_worker",
  "category": "people",
  "path": "people/agriculture_worker",
  "tags": [
   "Agricultural Worker",
   "Farmhand",
   "Pitchfork",
   "dhis2:agricultural_worker"
  ],
  "title": "Farmer"
 },
 {
  "id": "agriculture",
  "category": "people",
  "path": "people/agriculture",
  "tags": [
   "Ecology",
   "Environment",
   "Hands",
   "Leaf",
   "Plant",
   "Seed",
   "dhis2:agriculture"
  ],
  "title": "Agriculture"
 },
 {
  "id": "spreadsheets",
  "category": "objects",
  "path": "objects/spreadsheets",
  "tags": [],
  "title": "Spreadsheets"
 },
 {
  "id": "desktop_app",
  "category": "objects",
  "path": "objects/desktop_app",
  "tags": [],
  "title": "Desktop App"
 },
 {
  "id": "village",
  "category": "places",
  "path": "places/village",
  "tags": [],
  "title": "Village"
 },
 {
  "id": "ministry_of_health",
  "category": "places",
  "path": "places/ministry_of_health",
  "tags": [],
  "title": "Ministry Of Health"
 },
 {
  "id": "home",
  "category": "places",
  "path": "places/home",
  "tags": [
   "Accommodation",
   "Door",
   "House",
   "Roof"
  ],
  "title": "Home"
 },
 {
  "id": "call_centre",
  "category": "people",
  "path": "people/call_centre",
  "tags": [
   "Headset",
   "Help",
   "Phone",
   "Talking"
  ],
  "title": "Call Center"
 },
 {
  "id": "excel_logo",
  "category": "symbols",
  "path": "symbols/excel_logo",
  "tags": [
   "Document",
   "Logo",
   "Spreadsheet"
  ],
  "title": "Excel"
 },
 {
  "id": "openMRS_logo",
  "category": "symbols",
  "path": "symbols/openMRS_logo",
  "tags": [
   "EHR",
   "EMR",
   "Logo",
   "Open Medical Records System"
  ],
  "title": "OpenMRS"
 },
 {
  "id": "wheelchair_alt",
  "category": "devices",
  "path": "devices/wheelchair_alt",
  "tags": [],
  "title": "Wheelchair Alt"
 },
 {
  "id": "intravenous_bag",
  "category": "devices",
  "path": "devices/intravenous_bag",
  "tags": [
   "Bag",
   "Blood",
   "Drip",
   "IV",
   "Liquid"
  ],
  "title": "Intravenous Bag"
 },
 {
  "id": "A",
  "category": "typography",
  "path": "typography/A",
  "tags": [
   "Letter"
  ],
  "title": "A"
 },
 {
  "id": "B",
  "category": "typography",
  "path": "typography/B",
  "tags": [
   "Letter"
  ],
  "title": "B"
 },
 {
  "id": "C",
  "category": "typography",
  "path": "typography/C",
  "tags": [
   "Letter"
  ],
  "title": "C"
 },
 {
  "id": "D",
  "category": "typography",
  "path": "typography/D",
  "tags": [
   "Letter"
  ],
  "title": "D"
 },
 {
  "id": "E",
  "category": "typography",
  "path": "typography/E",
  "tags": [
   "Letter"
  ],
  "title": "E"
 },
 {
  "id": "F",
  "category": "typography",
  "path": "typography/F",
  "tags": [
   "Letter"
  ],
  "title": "F"
 },
 {
  "id": "G",
  "category": "typography",
  "path": "typography/G",
  "tags": [
   "Letter"
  ],
  "title": "G"
 },
 {
  "id": "H",
  "category": "typography",
  "path": "typography/H",
  "tags": [
   "Letter"
  ],
  "title": "H"
 },
 {
  "id": "I",
  "category": "typography",
  "path": "typography/I",
  "tags": [
   "Letter"
  ],
  "title": "I"
 },
 {
  "id": "J",
  "category": "typography",
  "path": "typography/J",
  "tags": [
   "Letter"
  ],
  "title": "J"
 },
 {
  "id": "K",
  "category": "typography",
  "path": "typography/K",
  "tags": [
   "Letter"
  ],
  "title": "K"
 },
 {
  "id": "L",
  "category": "typography",
  "path": "typography/L",
  "tags": [
   "Letter"
  ],
  "title": "L"
 },
 {
  "id": "M",
  "category": "typography",
  "path": "typography/M",
  "tags": [
   "Letter"
  ],
  "title": "M"
 },
 {
  "id": "N",
  "category": "typography",
  "path": "typography/N",
  "tags": [
   "Letter"
  ],
  "title": "N"
 },
 {
  "id": "O",
  "category": "typography",
  "path": "typography/O",
  "tags": [
   "Letter"
  ],
  "title": "O"
 },
 {
  "id": "P",
  "category": "typography",
  "path": "typography/P",
  "tags": [
   "Letter"
  ],
  "title": "P"
 },
 {
  "id": "Q",
  "category": "typography",
  "path": "typography/Q",
  "tags": [
   "Letter"
  ],
  "title": "Q"
 },
 {
  "id": "R",
  "category": "typography",
  "path": "typography/R",
  "tags": [
   "Letter"
  ],
  "title": "R"
 },
 {
  "id": "S",
  "category": "typography",
  "path": "typography/S",
  "tags": [
   "Letter"
  ],
  "title": "S"
 },
 {
  "id": "T",
  "category": "typography",
  "path": "typography/T",
  "tags": [
   "Letter"
  ],
  "title": "T"
 },
 {
  "id": "U",
  "category": "typography",
  "path": "typography/U",
  "tags": [
   "Letter"
  ],
  "title": "U"
 },
 {
  "id": "V",
  "category": "typography",
  "path": "typography/V",
  "tags": [
   "Letter"
  ],
  "title": "V"
 },
 {
  "id": "W",
  "category": "typography",
  "path": "typography/W",
  "tags": [
   "Letter"
  ],
  "title": "W"
 },
 {
  "id": "X",
  "category": "typography",
  "path": "typography/X",
  "tags": [
   "Letter"
  ],
  "title": "X"
 },
 {
  "id": "Y",
  "category": "typography",
  "path": "typography/Y",
  "tags": [
   "Letter"
  ],
  "title": "Y"
 },
 {
  "id": "Z",
  "category": "typography",
  "path": "typography/Z",
  "tags": [
   "Letter"
  ],
  "title": "Z"
 },
 {
  "id": "!",
  "category": "typography",
  "path": "typography/!",
  "tags": [
   "Attention",
   "Letter",
   "Punctuation"
  ],
  "title": "Exclamation Point"
 },
 {
  "id": "question_mark",
  "category": "typography",
  "path": "typography/question_mark",
  "tags": [
   "Help",
   "Letter",
   "Punctuation",
   "Question"
  ],
  "title": "Question mark"
 },
 {
  "id": "dollar",
  "category": "typography",
  "path": "typography/dollar",
  "tags": [
   "Currency",
   "Dollar",
   "Finance",
   "Letter",
   "Money"
  ],
  "title": "Dollar sign"
 },
 {
  "id": "ghana",
  "category": "typography",
  "path": "typography/ghana",
  "tags": [
   "Currency",
   "Finance",
   "Ghana",
   "Letter",
   "Money"
  ],
  "title": "Cedi"
 },
 {
  "id": "yen",
  "category": "typography",
  "path": "typography/yen",
  "tags": [
   "Currency",
   "Finance",
   "Japan",
   "Letter",
   "Money"
  ],
  "title": "Yen"
 },
 {
  "id": "rupee",
  "category": "typography",
  "path": "typography/rupee",
  "tags": [
   "Currency",
   "Finance",
   "India",
   "Letter",
   "Money"
  ],
  "title": "Rupee"
 },
 {
  "id": "accident_and_emergency",
  "category": "specialties",
  "path": "specialties/accident_and_emergency",
  "tags": [
   "Ambulance",
   "Critical Care",
   "Department",
   "Emergency",
   "Light",
   "Speciality"
  ],
  "title": "Accident and Emergency"
 },
 {
  "id": "admissions",
  "category": "specialties",
  "path": "specialties/admissions",
  "tags": [
   "Admissions",
   "Department",
   "Door",
   "Entrance",
   "OPD",
   "Open",
   "Outpatient",
   "Registration",
   "Speciality"
  ],
  "title": "Admissions"
 },
 {
  "id": "coronary_care_unit",
  "category": "specialties",
  "path": "specialties/coronary_care_unit",
  "tags": [
   "Cardiology",
   "Coronary Care",
   "Department",
   "Heart",
   "Pulse",
   "Speciality"
  ],
  "title": "Coronary Care"
 },
 {
  "id": "critical_care",
  "category": "specialties",
  "path": "specialties/critical_care",
  "tags": [
   "Critical Care",
   "Department",
   "Emergency",
   "Heartbeat",
   "ICU",
   "Intensive Care Unit",
   "Monitor",
   "NICU",
   "Pulse",
   "Speciality"
  ],
  "title": "Critical Care"
 },
 {
  "id": "discharge_lounge",
  "category": "specialties",
  "path": "specialties/discharge_lounge",
  "tags": [
   "Chair",
   "Department",
   "Discharge",
   "Exit",
   "Leave",
   "Lounge",
   "Speciality"
  ],
  "title": "Discharge Lounge"
 },
 {
  "id": "cardiology",
  "category": "specialties",
  "path": "specialties/cardiology",
  "tags": [
   "Cardiologist",
   "Coronary Care",
   "Department",
   "Heart",
   "Organ",
   "Speciality"
  ],
  "title": "Cardiology"
 },
 {
  "id": "ear",
  "category": "body",
  "path": "body/ear",
  "tags": [
   "Auditory",
   "ENT",
   "Eardrum",
   "Listen",
   "Organ",
   "Sound"
  ],
  "title": "Ear"
 },
 {
  "id": "hematology",
  "category": "specialties",
  "path": "specialties/hematology",
  "tags": [
   "Blood",
   "Department",
   "Speciality"
  ],
  "title": "Hematology"
 },
 {
  "id": "nephrology",
  "category": "specialties",
  "path": "specialties/nephrology",
  "tags": [
   "Department",
   "Kidneys",
   "Speciality"
  ],
  "title": "Nephrology"
 },
 {
  "id": "obstetricsmonia",
  "category": "specialties",
  "path": "specialties/obstetricsmonia",
  "tags": [
   "Baby",
   "Birth",
   "Childbirth",
   "Department",
   "Gynecology",
   "Obgyn",
   "Obstetrics",
   "Speciality"
  ],
  "title": "Obstetricsmonia"
 },
 {
  "id": "opthalmology",
  "category": "specialties",
  "path": "specialties/opthalmology",
  "tags": [
   "Department",
   "Eye",
   "Sight",
   "Speciality",
   "Vision"
  ],
  "title": "Opthalmology"
 },
 {
  "id": "respirology",
  "category": "specialties",
  "path": "specialties/respirology",
  "tags": [
   "Breathing",
   "Department",
   "Lungs",
   "Pulmonary",
   "Specialty"
  ],
  "title": "Respirology"
 },
 {
  "id": "psychology",
  "category": "specialties",
  "path": "specialties/psychology",
  "tags": [
   "Brain",
   "Department",
   "Psych",
   "Psychiatry",
   "Specialty"
  ],
  "title": "Psychology"
 },
 {
  "id": "medical_records",
  "category": "specialties",
  "path": "specialties/medical_records",
  "tags": [
   "Chart",
   "Department",
   "Library",
   "PHI",
   "Patient Chart",
   "Records",
   "Speciality"
  ],
  "title": "Medical Records"
 },
 {
  "id": "oncology",
  "category": "specialties",
  "path": "specialties/oncology",
  "tags": [
   "Cancer",
   "Chemotherapy",
   "Department",
   "Speciality"
  ],
  "title": "Oncology"
 },
 {
  "id": "orthopaedics",
  "category": "specialties",
  "path": "specialties/orthopaedics",
  "tags": [
   "Bones",
   "Department",
   "Joints",
   "Ortho",
   "Spine"
  ],
  "title": "Orthopaedics"
 },
 {
  "id": "radiology",
  "category": "specialties",
  "path": "specialties/radiology",
  "tags": [
   "Department",
   "Radiology",
   "Specialty",
   "Xray"
  ],
  "title": "Radiology"
 },
 {
  "id": "speech_language_therapy",
  "category": "specialties",
  "path": "specialties/speech_language_therapy",
  "tags": [
   "Department",
   "Language",
   "Pathology",
   "SLP",
   "Specialty",
   "Speech",
   "Therapy"
  ],
  "title": "Speech Language Therapy"
 },
 {
  "id": "gynecology",
  "category": "specialties",
  "path": "specialties/gynecology",
  "tags": [
   "Department",
   "Female",
   "Reproduction",
   "Sex Organs",
   "Speciality",
   "Uterus",
   "Woman Health",
   "Womens Health"
  ],
  "title": "Gynecology"
 },
 {
  "id": "gastroenterology",
  "category": "specialties",
  "path": "specialties/gastroenterology",
  "tags": [
   "Department",
   "GI",
   "Speciality",
   "Stomach"
  ],
  "title": "Gastroenterology"
 },
 {
  "id": "finance_dept",
  "category": "specialties",
  "path": "specialties/finance_dept",
  "tags": [
   "Accounting",
   "Cashier",
   "Department",
   "Finance",
   "Heart",
   "Payments",
   "Speciality"
  ],
  "title": "Finance"
 },
 {
  "id": "hematology_laboratory",
  "category": "specialties",
  "path": "specialties/hematology_laboratory",
  "tags": [
   "Blood",
   "Department",
   "Lab",
   "Laboratory",
   "Speciality"
  ],
  "title": "Hematology Lab"
 },
 {
  "id": "human_resoruces",
  "category": "specialties",
  "path": "specialties/human_resoruces",
  "tags": [
   "Department",
   "Group",
   "HR",
   "Hiring",
   "People",
   "Speciality",
   "Team"
  ],
  "title": "Human Resources"
 },
 {
  "id": "0",
  "category": "typography",
  "path": "typography/0",
  "tags": [
   "Number",
   "Zero"
  ],
  "title": "0"
 },
 {
  "id": "1",
  "category": "typography",
  "path": "typography/1",
  "tags": [
   "Number",
   "One"
  ],
  "title": "1"
 },
 {
  "id": "2",
  "category": "typography",
  "path": "typography/2",
  "tags": [
   "Number",
   "Two"
  ],
  "title": "2"
 },
 {
  "id": "3",
  "category": "typography",
  "path": "typography/3",
  "tags": [
   "Number",
   "Three"
  ],
  "title": "3"
 },
 {
  "id": "4",
  "category": "typography",
  "path": "typography/4",
  "tags": [
   "Four",
   "Number"
  ],
  "title": "4"
 },
 {
  "id": "5",
  "category": "typography",
  "path": "typography/5",
  "tags": [
   "Five",
   "Number"
  ],
  "title": "5"
 },
 {
  "id": "6",
  "category": "typography",
  "path": "typography/6",
  "tags": [
   "Number",
   "Six"
  ],
  "title": "6"
 },
 {
  "id": "7",
  "category": "typography",
  "path": "typography/7",
  "tags": [
   "Number",
   "Seven"
  ],
  "title": "7"
 },
 {
  "id": "8",
  "category": "typography",
  "path": "typography/8",
  "tags": [
   "Eight",
   "Number"
  ],
  "title": "8"
 },
 {
  "id": "9",
  "category": "typography",
  "path": "typography/9",
  "tags": [
   "Nine",
   "Number"
  ],
  "title": "9"
 },
 {
  "id": "female_reproductive_system",
  "category": "body",
  "path": "body/female_reproductive_system",
  "tags": [
   "Gynecology",
   "Health",
   "Organ",
   "Ovary",
   "Uterus",
   "Vagina",
   "Woman"
  ],
  "title": "Female Reproductive System"
 },
 {
  "id": "spine",
  "category": "body",
  "path": "body/spine",
  "tags": [
   "Back",
   "Organ",
   "Spinal Cord",
   "Vertebrae"
  ],
  "title": "Spine"
 },
 {
  "id": "entry",
  "category": "symbols",
  "path": "symbols/entry",
  "tags": [
   "Doorway",
   "Entrance",
   "Login",
   "Open",
   "Open Door",
   "Sign in"
  ],
  "title": "Entry"
 },
 {
  "id": "health",
  "category": "symbols",
  "path": "symbols/health",
  "tags": [
   "Cross",
   "Hospital",
   "Medicine",
   "Protect",
   "Symbol"
  ],
  "title": "Health Shield"
 },
 {
  "id": "health",
  "category": "symbols",
  "path": "symbols/health",
  "tags": [
   "Cross",
   "Hospital",
   "Medicine",
   "Symbol"
  ],
  "title": "Health"
 },
 {
  "id": "health_literacy",
  "category": "symbols",
  "path": "symbols/health_literacy",
  "tags": [
   "Book",
   "Document",
   "Library",
   "Medicine",
   "Symbol"
  ],
  "title": "Health Literacy"
 },
 {
  "id": "register_book",
  "category": "symbols",
  "path": "symbols/register_book",
  "tags": [
   "Book",
   "Document",
   "Documentation",
   "Health Record",
   "Library",
   "Medicine",
   "Registry",
   "Symbol"
  ],
  "title": "Health Register Book"
 },
 {
  "id": "chart_bar",
  "category": "symbols",
  "path": "symbols/chart_bar",
  "tags": [
   "Bar Chart",
   "Data",
   "Graph",
   "Visualization"
  ],
  "title": "Chart Bars"
 },
 {
  "id": "chart_bar_stacked",
  "category": "symbols",
  "path": "symbols/chart_bar_stacked",
  "tags": [
   "Bar Chart",
   "Data",
   "Graph",
   "Visualization"
  ],
  "title": "Chart Split Bars"
 },
 {
  "id": "chart_line",
  "category": "symbols",
  "path": "symbols/chart_line",
  "tags": [
   "Data",
   "Graph",
   "Line Chart",
   "Node",
   "Visualization"
  ],
  "title": "Chart Line"
 },
 {
  "id": "chart_line_stacked",
  "category": "symbols",
  "path": "symbols/chart_line_stacked",
  "tags": [
   "Data",
   "Graph",
   "Line Chart",
   "Node",
   "Visualization"
  ],
  "title": "Chart Double Line"
 },
 {
  "id": "chart_pie",
  "category": "symbols",
  "path": "symbols/chart_pie",
  "tags": [
   "Data",
   "Graph",
   "Node",
   "Pie Chart",
   "Visualization"
  ],
  "title": "Chart Pie"
 },
 {
  "id": "blood_a_n",
  "category": "blood",
  "path": "blood/blood_a_n",
  "tags": [
   "A Negative",
   "Bag",
   "Blood",
   "Hematology",
   "Transfusion",
   "dhis2:blood_a_n"
  ],
  "title": "Blood Type A-"
 },
 {
  "id": "blood_a_p",
  "category": "blood",
  "path": "blood/blood_a_p",
  "tags": [
   "A Positive",
   "Bag",
   "Blood",
   "Hematology",
   "Transfusion",
   "dhis2:blood_a_p"
  ],
  "title": "Blood Type A+"
 },
 {
  "id": "blood_ab_n",
  "category": "blood",
  "path": "blood/blood_ab_n",
  "tags": [
   "AB Negative",
   "Bag",
   "Blood",
   "Hematology",
   "Transfusion",
   "dhis2:blood_ab_n"
  ],
  "title": "Blood Type AB-"
 },
 {
  "id": "blood_ab_p",
  "category": "blood",
  "path": "blood/blood_ab_p",
  "tags": [
   "AB Positive",
   "Bag",
   "Blood",
   "Hematology",
   "Transfusion",
   "dhis2:blood_ab_p"
  ],
  "title": "Blood Type AB+"
 },
 {
  "id": "blood_b_n",
  "category": "blood",
  "path": "blood/blood_b_n",
  "tags": [
   "B Negative",
   "Bag",
   "Blood",
   "Hematology",
   "Transfusion",
   "dhis2:blood_b_n"
  ],
  "title": "Blood Type B-"
 },
 {
  "id": "blood_b_p",
  "category": "blood",
  "path": "blood/blood_b_p",
  "tags": [
   "B Positive",
   "Bag",
   "Blood",
   "Hematology",
   "Transfusion",
   "dhis2:blood_b_p"
  ],
  "title": "Blood Type B+"
 },
 {
  "id": "blood_o_n",
  "category": "blood",
  "path": "blood/blood_o_n",
  "tags": [
   "Bag",
   "Blood",
   "Hematology",
   "O Negative",
   "Transfusion",
   "dhis2:blood_o_n"
  ],
  "title": "Blood Type O-"
 },
 {
  "id": "blood_o_p",
  "category": "blood",
  "path": "blood/blood_o_p",
  "tags": [
   "Bag",
   "Blood",
   "Hematology",
   "O Positive",
   "Transfusion",
   "dhis2:blood_o_p"
  ],
  "title": "Blood Type O+"
 },
 {
  "id": "blood_rh_n",
  "category": "blood",
  "path": "blood/blood_rh_n",
  "tags": [
   "Bag",
   "Blood",
   "Hematology",
   "RH Negative",
   "Transfusion",
   "dhis2:blood_rh_n"
  ],
  "title": "Blood Type RH-"
 },
 {
  "id": "blood_rh_p",
  "category": "blood",
  "path": "blood/blood_rh_p",
  "tags": [
   "Bag",
   "Blood",
   "Hematology",
   "RH Positive",
   "Transfusion",
   "dhis2:blood_rh_p"
  ],
  "title": "Blood Type RH+"
 },
 {
  "id": "i_groups_perspective_crowd",
  "category": "people",
  "path": "people/i_groups_perspective_crowd",
  "tags": [
   "Community",
   "Crowd",
   "Group",
   "Person",
   "Three People",
   "Users",
   "dhis2:i_groups_perspective_crowd"
  ],
  "title": "Group"
 },
 {
  "id": "vomiting",
  "category": "people",
  "path": "people/vomiting",
  "tags": [
   "Gastro",
   "Nausea",
   "Person",
   "Sick",
   "Spew",
   "Stomach Flu",
   "Symptom",
   "Throw Up",
   "dhis2:vomiting"
  ],
  "title": "Vomiting"
 },
 {
  "id": "nurse",
  "category": "people",
  "path": "people/nurse",
  "tags": [
   "HCW",
   "Healthcare Worker",
   "Hospital Staff",
   "Nurse",
   "Staff Nurse",
   "Worker",
   "dhis2:nurse"
  ],
  "title": "Nurse"
 },
 {
  "id": "military_worker",
  "category": "people",
  "path": "people/military_worker",
  "tags": [
   "Armed Services",
   "Army",
   "Gun",
   "Helmet",
   "Soldier",
   "Uniform",
   "dhis2:military_worker"
  ],
  "title": "Military Personnel"
 },
 {
  "id": "prisoner",
  "category": "people",
  "path": "people/prisoner",
  "tags": [
   "Detainee",
   "Incarceration",
   "Inmate",
   "Prison",
   "dhis2:prisoner"
  ],
  "title": "Prisoner"
 },
 {
  "id": "truck_driver",
  "category": "people",
  "path": "people/truck_driver",
  "tags": [
   "Driver",
   "Lorry",
   "Road",
   "Truck",
   "Vehicle",
   "Wheel",
   "Worker",
   "dhis2:truck_driver"
  ],
  "title": "Truck Driver"
 },
 {
  "id": "factory_worker",
  "category": "people",
  "path": "people/factory_worker",
  "tags": [
   "Factory",
   "Helmet",
   "Plant",
   "Worker",
   "dhis2:factory_worker"
  ],
  "title": "Factory Worker"
 },
 {
  "id": "security_worker",
  "category": "people",
  "path": "people/security_worker",
  "tags": [
   "Guard",
   "Officer",
   "Prison",
   "Worker",
   "dhis2:security_worker"
  ],
  "title": "Security Worker"
 },
 {
  "id": "officer",
  "category": "people",
  "path": "people/officer",
  "tags": [
   "Cop",
   "Detective",
   "Guard",
   "Police",
   "Worker",
   "dhis2:officer"
  ],
  "title": "Police Officer"
 },
 {
  "id": "construction_worker",
  "category": "people",
  "path": "people/construction_worker",
  "tags": [
   "Builder",
   "Construction",
   "Helmet",
   "Worker",
   "dhis2:construction_worker"
  ],
  "title": "Construction Worker"
 },
 {
  "id": "palm_branches_roof",
  "category": "places",
  "path": "places/palm_branches_roof",
  "tags": [
   "Building",
   "House",
   "Hut",
   "dhis2:palm_branches_roof"
  ],
  "title": "Home with Roof Made of Palm Branches"
 },
 {
  "id": "proper_roof",
  "category": "places",
  "path": "places/proper_roof",
  "tags": [
   "Building",
   "House",
   "Hut",
   "dhis2:proper_roof"
  ],
  "title": "Home with Proper Roof"
 },
 {
  "id": "letrina",
  "category": "places",
  "path": "places/letrina",
  "tags": [
   "Bathroom",
   "Biffy",
   "Bog",
   "Crapper",
   "Dunny",
   "Honey Bucket",
   "John",
   "Kybo",
   "Latrine",
   "Long Drop",
   "Outdoor Toilet",
   "Portaloo",
   "Privy",
   "Thunderbox",
   "Toilet",
   "WC",
   "Water Closet",
   "dhis2:letrina"
  ],
  "title": "Latrine"
 },
 {
  "id": "letrina_alt",
  "category": "places",
  "path": "places/letrina_alt",
  "tags": [
   "Bathroom",
   "Biffy",
   "Bog",
   "Crapper",
   "Dunny",
   "Honey Bucket",
   "John",
   "Kybo",
   "Latrine",
   "Long Drop",
   "Outdoor Toilet",
   "Portaloo",
   "Privy",
   "Thunderbox",
   "Toilet",
   "WC",
   "Water Closet"
  ],
  "title": "Latrine ALT"
 },
 {
  "id": "temple",
  "category": "places",
  "path": "places/temple",
  "tags": [
   "House of Worship",
   "Religion",
   "Worship"
  ],
  "title": "Temple"
 },
 {
  "id": "temple",
  "category": "places",
  "path": "places/temple",
  "tags": [
   "House of Worship",
   "Religion",
   "Worship"
  ],
  "title": "Temple ALT"
 },
 {
  "id": "mosque",
  "category": "places",
  "path": "places/mosque",
  "tags": [
   "House of Worship",
   "Islam",
   "Muslim",
   "Religion",
   "Worship"
  ],
  "title": "Mosque"
 },
 {
  "id": "emergency_post",
  "category": "places",
  "path": "places/emergency_post",
  "tags": [
   "Cross",
   "Emergency Post",
   "Tent",
   "War Hospital",
   "dhis2:emergency_post"
  ],
  "title": "Field Hospital"
 },
 {
  "id": "rural_post",
  "category": "places",
  "path": "places/rural_post",
  "tags": [
   "Hospital",
   "Rural Post",
   "Small Hospital",
   "dhis2:rural_post"
  ],
  "title": "Rural Clinic"
 },
 {
  "id": "ambulatory_clinic",
  "category": "places",
  "path": "places/ambulatory_clinic",
  "tags": [
   "Ambulatory Clinic",
   "Hospital",
   "Office",
   "Small Hospital",
   "dhis2:ambulatory_clinic"
  ],
  "title": "Clinic"
 }
]