[
 {
  "id": "megaphone",
  "title": "Megaphone",
  "tags": [
   "Announcement",
   "Noise",
   "Speaker",
   "dhis2:megaphone"
  ]
 },
 {
  "id": "2g",
  "title": "2G",
  "tags": [
   "Bandwidth",
   "Connection",
   "Network",
   "Phone",
   "Speed",
   "dhis2:2g"
  ]
 },
 {
  "id": "3g",
  "title": "3G",
  "tags": [
   "Bandwidth",
   "Connection",
   "Network",
   "Phone",
   "Speed",
   "dhis2:3g"
  ]
 },
 {
  "id": "4x4",
  "title": "SUV",
  "tags": [
   "4x4",
   "4×4",
   "Off-Road",
   "Sport Utility Vehicle",
   "Truck",
   "dhis2:4x4"
  ]
 },
 {
  "id": "agriculture",
  "title": "Agriculture",
  "tags": [
   "dhis2:agriculture",
   "environment",
   "hands",
   "leaf",
   "plant",
   "seed"
  ]
 },
 {
  "id": "agriculture_worker",
  "title": "Farmer",
  "tags": [
   "Agricultural Worker",
   "Farmhand",
   "Pitchfork",
   "dhis2:agricultural_worker"
  ]
 },
 {
  "id": "alert_circle",
  "title": "Alert Circle",
  "tags": [
   "Exclamation Point",
   "Warning",
   "dhis2:alert_circle"
  ]
 },
 {
  "id": "alert",
  "title": "Warning",
  "tags": [
   "Alert",
   "Exclamation Mark",
   "Exclamation Point",
   "dhis2:alert"
  ]
 },
 {
  "id": "ambulatory_clinic",
  "title": "Clinic",
  "tags": [
   "Ambulatory Clinic",
   "Hospital",
   "Office",
   "Small Hospital",
   "dhis2:ambulatory_clinic"
  ]
 },
 {
  "id": "ancv",
  "title": "Antenatal Care Visit",
  "tags": [
   "ANC",
   "Mother",
   "Pregnancy",
   "Pregnant",
   "dhis2:ancv"
  ]
 },
 {
  "id": "basic_motorcycle",
  "title": "Motorcycle",
  "tags": [
   "Dirtbike dhis2:motorcycle",
   "Motorbike"
  ]
 },
 {
  "id": "bike",
  "title": "Bicycle",
  "tags": [
   "Bike",
   "City Bike",
   "Mountain Bike",
   "dhis2:bike"
  ]
 },
 {
  "id": "blood_a_n",
  "title": "Blood Type A-",
  "tags": [
   "A Negative",
   "Blood",
   "Hematology",
   "dhis2:blood_a_n"
  ]
 },
 {
  "id": "blood_a_p",
  "title": "Blood Type A+",
  "tags": [
   "A Positive",
   "Blood",
   "Hematology",
   "dhis2:blood_a_p"
  ]
 },
 {
  "id": "blood_ab_n",
  "title": "Blood Type AB-",
  "tags": [
   "AB Negative",
   "Blood",
   "Hematology",
   "dhis2:blood_ab_n"
  ]
 },
 {
  "id": "blood_ab_p",
  "title": "Blood Type AB+",
  "tags": [
   "AB Positive",
   "Blood",
   "Hematology",
   "dhis2:blood_ab_p"
  ]
 },
 {
  "id": "blood_b_n",
  "title": "Blood Type B-",
  "tags": [
   "B Negative",
   "Blood",
   "Hematology",
   "dhis2:blood_b_n"
  ]
 },
 {
  "id": "blood_b_p",
  "title": "Blood Type B+",
  "tags": [
   "B Positive",
   "Blood",
   "Hematology",
   "dhis2:blood_b_p"
  ]
 },
 {
  "id": "blood_o_n",
  "title": "Blood Type O-",
  "tags": [
   "Blood",
   "Hematology",
   "O Negative",
   "dhis2:blood_o_n"
  ]
 },
 {
  "id": "blood_o_p",
  "title": "Blood Type O+",
  "tags": [
   "Blood",
   "Hematology",
   "O Positive",
   "dhis2:blood_o_p"
  ]
 },
 {
  "id": "blood_pressure_2",
  "title": "Blood Pressure Monitor ALT",
  "tags": [
   "BP",
   "Cardiology",
   "Device",
   "Heart",
   "Hypertension",
   "dhis2:blood_pressure_2"
  ]
 },
 {
  "id": "blood_pressure_monitor",
  "title": "Blood Pressure Monitor",
  "tags": [
   "BP",
   "Cardiology",
   "Device",
   "Heart",
   "Hypertension",
   "dhis2:blood_pressure_monitor"
  ]
 },
 {
  "id": "blood_pressure",
  "title": "Hypertension",
  "tags": [
   "BP",
   "Blood pressure",
   "Cardiology",
   "Diagnosis",
   "Heart",
   "Hypertension",
   "dhis2:blood_pressure_positive"
  ]
 },
 {
  "id": "blood_rh_n",
  "title": "Blood Type RH-",
  "tags": [
   "Blood",
   "Negative",
   "RH Hematology",
   "dhis2:blood_rh_n"
  ]
 },
 {
  "id": "blood_rh_p",
  "title": "Blood Type RH+",
  "tags": [
   "Blood",
   "Hematology",
   "RH Positive",
   "dhis2:blood_rh_p"
  ]
 },
 {
  "id": "calendar",
  "title": "Calendar",
  "tags": []
 },
 {
  "id": "cardiogram_e",
  "title": "Cardiogram E",
  "tags": []
 },
 {
  "id": "cardiogram",
  "title": "Cardiogram",
  "tags": []
 },
 {
  "id": "child_care",
  "title": "Child care",
  "tags": [
   "baby",
   "childcare",
   "dhis2:child_care",
   "parent"
  ]
 },
 {
  "id": "chills",
  "title": "Chills",
  "tags": [
   "Cold",
   "Freezing",
   "Hypothermia",
   "Person",
   "Shake",
   "Symptom",
   "dhis2:chills"
  ]
 },
 {
  "id": "city_worker",
  "title": "Business Person",
  "tags": [
   "business",
   "dhis2:city_worker",
   "official",
   "suit",
   "worker"
  ]
 },
 {
  "id": "clean_hands",
  "title": "Clean Hands",
  "tags": [
   "Clean",
   "Fingers",
   "Hand",
   "Hygiene",
   "Sanitation",
   "dhis2:clean_hands"
  ]
 },
 {
  "id": "clinical_f",
  "title": "Clinical F",
  "tags": []
 },
 {
  "id": "clinical_fe",
  "title": "Clinical Fe",
  "tags": []
 },
 {
  "id": "cold_chain",
  "title": "Cold Temperature",
  "tags": [
   "Cold",
   "Cold Chain",
   "Cool",
   "Freezer",
   "Low",
   "Refrigeration",
   "Temperature",
   "Thermometer",
   "dhis2:cold_chain"
  ]
 },
 {
  "id": "cone_test_on_nets",
  "title": "Cone Test on Nets",
  "tags": [
   "Diagnostic",
   "Testing",
   "dhis2:cone_test_on_nets"
  ]
 },
 {
  "id": "cone_test_on_walls",
  "title": "Cone Test on Walls",
  "tags": [
   "Diagnostic",
   "Testing",
   "dhis2:cone_test_on_walls"
  ]
 },
 {
  "id": "contact_support",
  "title": "Support",
  "tags": [
   "Chat",
   "Contact",
   "FAQ",
   "Help",
   "Question Mark",
   "Speech Bubble",
   "dhis2:contact_support"
  ]
 },
 {
  "id": "contraceptive_voucher",
  "title": "Contraceptive Voucher",
  "tags": []
 },
 {
  "id": "copper_iud",
  "title": "Copper Intrauterine Device",
  "tags": [
   "Contraceptive",
   "Family Planning",
   "IUD",
   "Intrauterine Device",
   "dhis2:copper_iud"
  ]
 },
 {
  "id": "coughing",
  "title": "Coughing",
  "tags": [
   "Symptom",
   "aerosol",
   "cough",
   "dhis2:coughing",
   "expectorate",
   "mouth",
   "sneeze"
  ]
 },
 {
  "id": "cross_country_motorcycle",
  "title": "Off-road Motorcycle",
  "tags": [
   "Cross Country",
   "Dirt Bike",
   "Motorbike",
   "Motorcycle",
   "dhis2:cross_country_motorcycle"
  ]
 },
 {
  "id": "default",
  "title": "Default",
  "tags": []
 },
 {
  "id": "female_condom",
  "title": "Female Condom",
  "tags": [
   "Condom",
   "Contraceptive",
   "Family Planning",
   "dhis2:female_condom"
  ]
 },
 {
  "id": "forum",
  "title": "Chat",
  "tags": [
   "chat",
   "dhis2:forum",
   "discussion",
   "forum",
   "meeting",
   "people",
   "speech"
  ]
 },
 {
  "id": "communication",
  "title": "Chat",
  "tags": [
   "Communication",
   "Message",
   "Speech Bubble",
   "dhis2:communication"
  ]
 },
 {
  "id": "group_discussion_meeting",
  "title": "Discussion",
  "tags": [
   "chat",
   "dhis2:discussion_meeting",
   "discussion",
   "forum",
   "meeting",
   "people",
   "speech"
  ]
 },
 {
  "id": "group_discussion_meetingx3",
  "title": "Group Discussion",
  "tags": [
   "chat",
   "dhis2:group_discussion_meetingx3",
   "discussion",
   "forum",
   "meeting",
   "people",
   "speech"
  ]
 },
 {
  "id": "headache",
  "title": "Headache",
  "tags": [
   "headache",
   "illness",
   "person",
   "sick",
   "symptom dhis2:headache"
  ]
 },
 {
  "id": "sweating",
  "title": "Sweating",
  "tags": [
   "fever",
   "illness",
   "person",
   "sick",
   "symptom dhis2:sweating",
   "temperature"
  ]
 },
 {
  "id": "health_worker_form",
  "title": "Health Worker Form",
  "tags": []
 },
 {
  "id": "heart_cardiogram",
  "title": "Cardiogram",
  "tags": [
   "Cardiology",
   "ECG",
   "EKG",
   "Electrocardiogram",
   "Heart",
   "Monitor",
   "dhis2:heart_cardiogram"
  ]
 },
 {
  "id": "heart",
  "title": "Heart",
  "tags": [
   "Cardiology",
   "Like dhis2:heart",
   "Love"
  ]
 },
 {
  "id": "hospitalized",
  "title": "Hospital Bed",
  "tags": [
   "Bed",
   "Hospital",
   "IV drip",
   "Inpatient",
   "Intravenous Drip",
   "Treatment",
   "dhis2:hospitalized"
  ]
 },
 {
  "id": "i_groups_perspective_crowd",
  "title": "Group",
  "tags": [
   "Community",
   "Crowd",
   "Group",
   "Person",
   "Three People",
   "Users",
   "dhis2:i_groups_perspective_crowd"
  ]
 },
 {
  "id": "i_training_class",
  "title": "Training",
  "tags": [
   "Class",
   "Person",
   "Presentation",
   "School",
   "Teacher",
   "Teaching",
   "Train",
   "dhis2:i_training_class"
  ]
 },
 {
  "id": "i_utensils",
  "title": "Utensils",
  "tags": [
   "Tools",
   "dhis2:i_utensils"
  ]
 },
 {
  "id": "information_campaign",
  "title": "Information Campaign",
  "tags": [
   "Advertising",
   "Circle",
   "IC",
   "Shape",
   "Sphere",
   "dhis2:information_campaign"
  ]
 },
 {
  "id": "inpatient",
  "title": "Hospital Bed ALT",
  "tags": [
   "Bed",
   "Hospital",
   "Inpatient",
   "Treatment",
   "dhis2:inpatient"
  ]
 },
 {
  "id": "letrina",
  "title": "Outhouse",
  "tags": [
   "Bathroom",
   "Biffy",
   "Bog",
   "Crapper",
   "Dunny",
   "Honey Bucket",
   "John",
   "Kybo",
   "Latrine",
   "Long Drop",
   "Outdoor Toilet",
   "Portaloo",
   "Privy",
   "Thunderbox",
   "Toilet",
   "WC",
   "Water Closet",
   "dhis2:letrina"
  ]
 },
 {
  "id": "malaria_pf_microscope",
  "title": "Malaria PF",
  "tags": [
   "Diagnostic",
   "Malaria",
   "Microscopic",
   "dhis2:malaria_pf_microscope"
  ]
 },
 {
  "id": "malaria_pv_microscope",
  "title": "Malaria PV",
  "tags": [
   "Diagnostic",
   "Malaria",
   "Microscopic",
   "dhis2:malaria_pv_microscope"
  ]
 },
 {
  "id": "medicines",
  "title": "Medicines",
  "tags": [
   "Drugs",
   "Medications",
   "Meds",
   "Pharmacy",
   "Pills",
   "dhis2:Medicines"
  ]
 },
 {
  "id": "mental_disorders",
  "title": "Mental Disorder",
  "tags": [
   "Brain",
   "Head",
   "Mental Health",
   "Neurology",
   "Spine",
   "dhis2:mental_disorders"
  ]
 },
 {
  "id": "miner_worker",
  "title": "Miner",
  "tags": [
   "dhis2:miner_worker",
   "industry",
   "miner",
   "worker"
  ]
 },
 {
  "id": "msm",
  "title": "Men Who Have Sex With Men",
  "tags": [
   "Male",
   "Man",
   "Sex",
   "dhis2:msm"
  ]
 },
 {
  "id": "nausea",
  "title": "Nausea",
  "tags": [
   "Cold",
   "Hot",
   "Person",
   "Shaking",
   "Sick",
   "Symptom",
   "Temperature",
   "Vomit",
   "dhis2:nausea"
  ]
 },
 {
  "id": "neurology",
  "title": "Brain",
  "tags": [
   "Brain",
   "Head",
   "Mental Health",
   "Neurology",
   "Spine",
   "dhis2:brain"
  ]
 },
 {
  "id": "pregnant",
  "title": "Pregnant",
  "tags": [
   "ANC",
   "Mother",
   "Person",
   "Pregnancy",
   "Woman",
   "antenatal",
   "dhis2:pregnant"
  ]
 },
 {
  "id": "refused",
  "title": "Hand",
  "tags": [
   "Fingers",
   "Five",
   "Palm",
   "Refused",
   "Stop",
   "dhis2:refused"
  ]
 },
 {
  "id": "sayana_press",
  "title": "Syana Press",
  "tags": [
   "Contraceptive",
   "Family Planning",
   "dhis2:syana_press"
  ]
 },
 {
  "id": "spraying",
  "title": "Spraying",
  "tags": [
   "Crop Spray",
   "Herbicide",
   "Insecticide",
   "Person",
   "Worker",
   "dhis2:spraying"
  ]
 },
 {
  "id": "sti",
  "title": "Sexually Transmitted Infection",
  "tags": [
   "STD",
   "STI",
   "disease",
   "illness",
   "person",
   "sex",
   "sexual",
   "sick",
   "symptom dhis2:sti"
  ]
 },
 {
  "id": "vomiting",
  "title": "Vomiting",
  "tags": [
   "Gastro",
   "Nausea",
   "Person",
   "Sick",
   "Spew",
   "Stomach Flu",
   "Symptom",
   "Throw Up",
   "dhis2:vomiting"
  ]
 },
 {
  "id": "wash_hands",
  "title": "Wash Hands",
  "tags": [
   "Clean",
   "Fingers",
   "Hand",
   "Hygiene",
   "Sanitation",
   "dhis2:wash_hands"
  ]
 },
 {
  "id": "water_sanitation",
  "title": "Water Sanitation",
  "tags": [
   "Clean",
   "Fingers",
   "Hand",
   "Hygiene",
   "Sanitation",
   "dhis2:wash_hands"
  ]
 },
 {
  "id": "wold_care",
  "title": "Environmental",
  "tags": [
   "Activism",
   "Environment",
   "Globe",
   "Hands",
   "dhis2:world_care"
  ]
 },
 {
  "id": "baby_male_0306m",
  "title": "Baby",
  "tags": [
   "Boy",
   "Crawl",
   "Diaper",
   "Girl",
   "Infant",
   "dhis2:baby_male"
  ]
 },
 {
  "id": "forest_persons",
  "title": "Person in Forest",
  "tags": [
   "Nature",
   "Person",
   "Tree",
   "Walking",
   "Woods",
   "dhis2:forest_persons"
  ]
 },
 {
  "id": "forest",
  "title": "Forest",
  "tags": [
   "Nature",
   "Park",
   "Trees",
   "Woods",
   "dhis2:forest"
  ]
 },
 {
  "id": "church",
  "title": "Church",
  "tags": [
   "Christian",
   "House of Worship",
   "Religion",
   "Worship",
   "dhis2:church"
  ]
 },
 {
  "id": "doctor_female",
  "title": "Female Doctor",
  "tags": [
   "Doctor",
   "MD",
   "Stethoscope",
   "Woman",
   "dhis2:doctor_female"
  ]
 },
 {
  "id": "doctor_male",
  "title": "Male Doctor",
  "tags": [
   "Doctor",
   "MD",
   "Man",
   "Stethoscope",
   "dhis2:doctor_female"
  ]
 },
 {
  "id": "doctor",
  "title": "Doctor",
  "tags": []
 },
 {
  "id": "domestic_worker",
  "title": "Domestic Worker",
  "tags": [
   "Cleaner",
   "Labor",
   "Plumber",
   "dhis2:domestic_worker"
  ]
 },
 {
  "id": "magnifying_glass",
  "title": "Magnifying Glass",
  "tags": [
   "Detective",
   "Research",
   "Search",
   "Zoom",
   "dhis2:magnifying_glass"
  ]
 },
 {
  "id": "coins",
  "title": "Coins",
  "tags": [
   "Currency",
   "Money",
   "Payment",
   "dhis2:coins"
  ]
 },
 {
  "id": "contraceptive_diaphragm",
  "title": "Contraceptive Diaphragm",
  "tags": [
   "Contraceptive",
   "Diaphragm",
   "Family Planning",
   "dhis2:contraceptive_diaphragm"
  ]
 },
 {
  "id": "dhis2_logo",
  "title": "DHIS2 Logo",
  "tags": [
   "Layers",
   "Squares",
   "dhis2:dhis2_logo"
  ]
 },
 {
  "id": "polygon",
  "title": "Polygon",
  "tags": [
   "Design",
   "Nodes",
   "Pentagon",
   "Shape",
   "dhis2:polygon"
  ]
 },
 {
  "id": "drone",
  "title": "Drone",
  "tags": [
   "Aircraft",
   "Autonomous Flying Vehicle",
   "Drone",
   "Flight",
   "dhis2:drone"
  ]
 },
 {
  "id": "electricity",
  "title": "Electricity",
  "tags": [
   "Bulb",
   "Light bulb",
   "Lightning",
   "Zap",
   "dhis2:electricity"
  ]
 },
 {
  "id": "hazardous",
  "title": "Hazardous",
  "tags": [
   "Alert",
   "Danger",
   "Radiation",
   "Radioactive",
   "Warning",
   "dhis2:hazardous"
  ]
 },
 {
  "id": "alert_triangle",
  "title": "Warning Triangle",
  "tags": [
   "Alert",
   "Exclamation Mark",
   "Exclamation Point",
   "Triangle",
   "dhis2:alert_triangle"
  ]
 },
 {
  "id": "fever",
  "title": "High Temperature",
  "tags": [
   "Fever",
   "High",
   "Temperature",
   "Thermometer",
   "dhis2:fever"
  ]
 },
 {
  "id": "helicopter",
  "title": "Helicopter",
  "tags": [
   "Chopper",
   "Medevac",
   "Medivac",
   "dhis2:helicopter"
  ]
 },
 {
  "id": "happy",
  "title": "Happy",
  "tags": [
   "Content",
   "Face",
   "Joy",
   "Laugh",
   "Smile",
   "dhis2:happy"
  ]
 },
 {
  "id": "i_certificate_paper",
  "title": "I Certificate Paper",
  "tags": []
 },
 {
  "id": "i_documents_accepted",
  "title": "I Documents Accepted",
  "tags": []
 },
 {
  "id": "i_documents_denied",
  "title": "I Documents Denied",
  "tags": []
 },
 {
  "id": "hot_meal",
  "title": "Hot Meal",
  "tags": [
   "Food",
   "Meal",
   "dhis2:hot_meal"
  ]
 },
 {
  "id": "i_exam_qualification",
  "title": "I Exam Qualification",
  "tags": []
 },
 {
  "id": "implant",
  "title": "Implant",
  "tags": [
   "Device",
   "dhis2:implant"
  ]
 },
 {
  "id": "high_bars",
  "title": "High Bars",
  "tags": [
   "Connection",
   "Fast",
   "Network",
   "Phone",
   "Speed",
   "dhis2:high_bars"
  ]
 },
 {
  "id": "medium_bars",
  "title": "Medium Bars",
  "tags": [
   "Connection",
   "Medium",
   "Network",
   "Phone",
   "Speed",
   "dhis2:medium_bars"
  ]
 },
 {
  "id": "justice",
  "title": "Justice",
  "tags": [
   "Law",
   "Legal",
   "Scales",
   "dhis2:justice"
  ]
 },
 {
  "id": "info",
  "title": "Info",
  "tags": []
 },
 {
  "id": "circle_large",
  "title": "Circle Large",
  "tags": [
   "Circle",
   "Dot",
   "Shape",
   "Sphere",
   "dhis2:circle_large"
  ]
 },
 {
  "id": "circle_medium",
  "title": "Circle Medium",
  "tags": [
   "Circle",
   "Dot",
   "Shape",
   "Sphere",
   "dhis2:circle_medium"
  ]
 },
 {
  "id": "circle_small",
  "title": "Circle Small",
  "tags": [
   "Circle",
   "Dot",
   "Shape",
   "Sphere",
   "dhis2:circle_small"
  ]
 },
 {
  "id": "llin",
  "title": "Bed Net",
  "tags": [
   "Device",
   "Insecticide",
   "Long Lasting Insecticidal Nets",
   "Mosquito",
   "dhis2:llin"
  ]
 },
 {
  "id": "low_bars",
  "title": "Low Bars",
  "tags": [
   "Connection",
   "Network",
   "Phone",
   "Slow",
   "Speed",
   "dhis2:low_bars"
  ]
 },
 {
  "id": "medium_level",
  "title": "Medium Level",
  "tags": [
   "Gauge",
   "Half",
   "Measure",
   "Meter",
   "Mid",
   "Speedometer",
   "dhis2:medium_level"
  ]
 },
 {
  "id": "high_level",
  "title": "High Level",
  "tags": [
   "Fast",
   "Full",
   "Gauge",
   "Measure",
   "Meter",
   "Speedometer",
   "dhis2:high_level"
  ]
 },
 {
  "id": "low_level",
  "title": "Low Level",
  "tags": [
   "Empty",
   "Gauge",
   "Measure",
   "Meter",
   "Slow",
   "Speedometer",
   "dhis2:low_level"
  ]
 },
 {
  "id": "ok",
  "title": "Smile",
  "tags": [
   "Face",
   "Happy",
   "OK",
   "Okay",
   "Smile",
   "dhis2:ok"
  ]
 },
 {
  "id": "network_4g",
  "title": "4G",
  "tags": [
   "Bandwidth",
   "Connection",
   "LTE",
   "Network",
   "Phone",
   "Speed",
   "dhis2:4g"
  ]
 },
 {
  "id": "network_5g",
  "title": "5G",
  "tags": [
   "Bandwidth",
   "Connection",
   "Network",
   "Phone",
   "Speed",
   "dhis2:5g"
  ]
 },
 {
  "id": "pill_1",
  "title": "Pill 1",
  "tags": [
   "Drug",
   "Medication",
   "Meds",
   "Pharmacy",
   "Pill",
   "Round",
   "dhis2:pill_1"
  ]
 },
 {
  "id": "pills_2",
  "title": "Pill 2",
  "tags": [
   "Drug",
   "Medication",
   "Meds",
   "Pharmacy",
   "Pill",
   "Round",
   "dhis2:pill_2"
  ]
 },
 {
  "id": "pills_3",
  "title": "Pill 3",
  "tags": [
   "Drug",
   "Medication",
   "Meds",
   "Pharmacy",
   "Pill",
   "Round",
   "dhis2:pill_3"
  ]
 },
 {
  "id": "pills_4",
  "title": "Pill 4",
  "tags": [
   "Drug",
   "Medication",
   "Meds",
   "Pharmacy",
   "Pill",
   "Round",
   "dhis2:pill_4"
  ]
 },
 {
  "id": "sanitizer",
  "title": "Sanitizer",
  "tags": [
   "Infection Control",
   "PPE",
   "dhis2:sanitizer"
  ]
 },
 {
  "id": "small_plane",
  "title": "Small Airplane",
  "tags": [
   "Airplane",
   "Airport",
   "Plane",
   "Prop Plane",
   "Propeller",
   "Small Plane",
   "Wings",
   "dhis2:small_plane"
  ]
 },
 {
  "id": "positive",
  "title": "Plus",
  "tags": [
   "Add",
   "Circle",
   "Create",
   "Positive",
   "dhis2:positive"
  ]
 },
 {
  "id": "war",
  "title": "War",
  "tags": [
   "Armored Vehicle",
   "Cannon",
   "Gun",
   "Military",
   "Tank",
   "dhis2:war"
  ]
 },
 {
  "id": "money_bag",
  "title": "Money Bag",
  "tags": [
   "Currency",
   "Money",
   "Payment",
   "dhis2:money_bag"
  ]
 },
 {
  "id": "neutral",
  "title": "Neutral",
  "tags": [
   "Face",
   "Neutral",
   "OK",
   "Okay",
   "dhis2:neutral"
  ]
 },
 {
  "id": "not_ok",
  "title": "Frown",
  "tags": [
   "Bad",
   "Face",
   "Frown",
   "Negative",
   "dhis2:not_ok"
  ]
 },
 {
  "id": "virus",
  "title": "Virus",
  "tags": [
   "Infection",
   "Infectious Disease",
   "dhis2:virus"
  ]
 },
 {
  "id": "phone",
  "title": "Phone",
  "tags": [
   "Call",
   "Communication",
   "Telephone",
   "dhis2:phone"
  ]
 },
 {
  "id": "baby_female_0306m",
  "title": "Baby Girl",
  "tags": [
   "Crawl",
   "Diaper",
   "Female",
   "Infant",
   "dhis2:baby_female"
  ]
 },
 {
  "id": "blister_pills_oval_x1",
  "title": "Blister Pills Oval x1",
  "tags": [
   "Blister Pack",
   "Drug",
   "Foil",
   "Medication",
   "Meds",
   "Oval",
   "Pharmacy",
   "Pill",
   "dhis2:blister_pills_oval_x1"
  ]
 },
 {
  "id": "blister_pills_oval_x4",
  "title": "Blister Pills Oval x4",
  "tags": [
   "Blister Pack",
   "Drug",
   "Foil",
   "Medication",
   "Meds",
   "Oval",
   "Pharmacy",
   "Pill",
   "dhis2:blister_pills_oval_x4"
  ]
 },
 {
  "id": "blister_pills_oval_x14",
  "title": "Blister Pills Oval x14",
  "tags": [
   "Blister Pack",
   "Drug",
   "Foil",
   "Medication",
   "Meds",
   "Oval",
   "Pharmacy",
   "Pill",
   "dhis2:blister_pills_oval_x14"
  ]
 },
 {
  "id": "blister_pills_oval_x16",
  "title": "Blister Pills Oval x16",
  "tags": [
   "Blister Pack",
   "Drug",
   "Foil",
   "Medication",
   "Meds",
   "Oval",
   "Pharmacy",
   "Pill",
   "dhis2:blister_pills_oval_x16"
  ]
 },
 {
  "id": "blister_pills_round_x1",
  "title": "Blister Pills Round x1",
  "tags": [
   "Blister Pack",
   "Drug",
   "Foil",
   "Medication",
   "Meds",
   "Pharmacy",
   "Pill",
   "Round",
   "dhis2:blister_pills_round_x1"
  ]
 },
 {
  "id": "blister_pills_round_x4",
  "title": "Blister Pills Round x4",
  "tags": [
   "Blister Pack",
   "Drug",
   "Foil",
   "Medication",
   "Meds",
   "Pharmacy",
   "Pill",
   "Round",
   "dhis2:blister_pills_round_x4"
  ]
 },
 {
  "id": "blister_pills_round_x14",
  "title": "Blister Pills Round x14",
  "tags": [
   "Blister Pack",
   "Drug",
   "Foil",
   "Medication",
   "Meds",
   "Pharmacy",
   "Pill",
   "Round",
   "dhis2:blister_pills_round_x14"
  ]
 },
 {
  "id": "blister_pills_round_x16",
  "title": "Blister Pills Round x16",
  "tags": [
   "Blister Pack",
   "Drug",
   "Foil",
   "Medication",
   "Meds",
   "Pharmacy",
   "Pill",
   "Round",
   "dhis2:blister_pills_round_x16"
  ]
 },
 {
  "id": "credit_card",
  "title": "Credit Card",
  "tags": [
   "Currency",
   "Mastercard",
   "Money",
   "Payment",
   "Visa",
   "dhis2:credit_card"
  ]
 },
 {
  "id": "health_worker",
  "title": "Health Worker",
  "tags": []
 },
 {
  "id": "mask",
  "title": "Mask",
  "tags": [
   "Infection Control",
   "PPE",
   "dhis2:ppe_mask"
  ]
 },
 {
  "id": "iud",
  "title": "Intrauterine Device",
  "tags": [
   "Contraceptive",
   "Family Planning",
   "IUD",
   "Intrauterine Device",
   "dhis2:iud"
  ]
 },
 {
  "id": "no",
  "title": "No",
  "tags": [
   "Cancel",
   "Circle",
   "Delete",
   "Denied",
   "Stop",
   "X",
   "dhis2:no"
  ]
 },
 {
  "id": "stethoscope",
  "title": "Stethoscope",
  "tags": [
   "Device",
   "Diagnosis",
   "Doctor",
   "Medical Officer",
   "Vitals",
   "dhis2:stethoscope"
  ]
 },
 {
  "id": "sexual_reproductive_health",
  "title": "Sexual Reproductive Health",
  "tags": []
 },
 {
  "id": "city",
  "title": "City",
  "tags": [
   "Buildings",
   "Downtown",
   "Highrise",
   "Metro",
   "Metropolis",
   "Urban",
   "dhis2:city"
  ]
 },
 {
  "id": "peace",
  "title": "Peace",
  "tags": []
 },
 {
  "id": "clinical_a",
  "title": "Test Tube",
  "tags": [
   "Diagnostic",
   "Lab",
   "Liquid",
   "Science",
   "dhis2:clinical_a"
  ]
 },
 {
  "id": "male_condom",
  "title": "Male Condom",
  "tags": [
   "Condom",
   "Contraceptive",
   "Family Planning",
   "dhis2:male_condom"
  ]
 },
 {
  "id": "i_note_action",
  "title": "I Note Action",
  "tags": []
 },
 {
  "id": "yes",
  "title": "Checkmark",
  "tags": [
   "Approved",
   "Circle",
   "Success",
   "Yes",
   "dhis2:yes"
  ]
 },
 {
  "id": "negative",
  "title": "Negative",
  "tags": []
 },
 {
  "id": "i_exam_multiple_choice",
  "title": "I Exam Multiple Choice",
  "tags": []
 },
 {
  "id": "i_schedule_school_date_time",
  "title": "I Schedule School Date Time",
  "tags": []
 },
 {
  "id": "weight",
  "title": "Weight Scale",
  "tags": [
   "Diagnostic",
   "Lab",
   "Obese",
   "Overweight",
   "Science",
   "Vitals",
   "dhis2:weight"
  ]
 },
 {
  "id": "syringe",
  "title": "Syringe",
  "tags": [
   "Blood",
   "Diagnostic",
   "Injection",
   "Lab",
   "Liquid",
   "Needle",
   "Science",
   "Treatment",
   "dhis2:syringe"
  ]
 },
 {
  "id": "market_stall",
  "title": "Market Stall",
  "tags": [
   "Awning",
   "Shack",
   "Shop",
   "Stall",
   "dhis2:market_stall"
  ]
 },
 {
  "id": "hospital",
  "title": "Hospital",
  "tags": [
   "Clinic",
   "Large Hospital",
   "Urban Hospital",
   "dhis2:hospital"
  ]
 },
 {
  "id": "diarrhea",
  "title": "Diarrhea",
  "tags": [
   "Diarrhea",
   "Feces",
   "Person",
   "Sick",
   "Symptom",
   "dhis2:diarrhea"
  ]
 },
 {
  "id": "square_large",
  "title": "Square Large",
  "tags": [
   "Bullet",
   "Cube",
   "Rectangle",
   "Shape",
   "dhis2:square_large"
  ]
 },
 {
  "id": "square_medium",
  "title": "Square Medium",
  "tags": [
   "Bullet",
   "Cube",
   "Rectangle",
   "Shape",
   "dhis2:square_medium"
  ]
 },
 {
  "id": "square_small",
  "title": "Square Small",
  "tags": [
   "Bullet",
   "Cube",
   "Rectangle",
   "Shape",
   "dhis2:square_small"
  ]
 },
 {
  "id": "star_large",
  "title": "Star Large",
  "tags": [
   "Bullet",
   "Shape",
   "Star",
   "dhis2:star_large"
  ]
 },
 {
  "id": "star_medium",
  "title": "Star Medium",
  "tags": [
   "Bullet",
   "Shape",
   "Star",
   "dhis2:star_medium"
  ]
 },
 {
  "id": "star_small",
  "title": "Star Small",
  "tags": [
   "Bullet",
   "Shape",
   "Star",
   "dhis2:star_small"
  ]
 },
 {
  "id": "sad",
  "title": "Sad",
  "tags": [
   "Bad",
   "Face",
   "Frown",
   "Negative",
   "Sad",
   "dhis2:sad"
  ]
 },
 {
  "id": "fetus",
  "title": "Fetus",
  "tags": [
   "Baby",
   "Placenta",
   "Prenatal",
   "Umbilical Cord",
   "dhis2:fetus"
  ]
 },
 {
  "id": "pregnant_32w",
  "title": "32 Weeks Pregnant",
  "tags": [
   "ANC",
   "Mother",
   "Person",
   "Pregnancy",
   "Woman",
   "antenatal",
   "dhis2:pregnant_32w"
  ]
 },
 {
  "id": "pregnant_0812w",
  "title": "8-12 Weeks Pregnant",
  "tags": [
   "ANC",
   "Mother",
   "Person",
   "Pregnancy",
   "Woman",
   "antenatal",
   "dhis2:pregnant_0812w"
  ]
 },
 {
  "id": "pregnant_2426w",
  "title": "24-26 Weeks Pregnant",
  "tags": [
   "ANC",
   "Mother",
   "Person",
   "Pregnancy",
   "Woman",
   "antenatal",
   "dhis2:pregnant_2426w"
  ]
 },
 {
  "id": "pregnant_3638w",
  "title": "36-38 Weeks Pregnant",
  "tags": [
   "ANC",
   "Mother",
   "Person",
   "Pregnancy",
   "Woman",
   "antenatal",
   "dhis2:pregnant_3638w"
  ]
 },
 {
  "id": "odontology_implant",
  "title": "Odontology Implant",
  "tags": [
   "Dentist",
   "Tooth",
   "dhis2:odontology_implant"
  ]
 },
 {
  "id": "odontology",
  "title": "Odontology",
  "tags": [
   "Dentist",
   "Tooth",
   "dhis2:odontology"
  ]
 },
 {
  "id": "question",
  "title": "Question",
  "tags": [
   "FAQ",
   "Help",
   "Question Mark",
   "dhis2:question"
  ]
 },
 {
  "id": "question_circle",
  "title": "Question Circle",
  "tags": [
   "Alert",
   "Ask",
   "FAQ",
   "Help",
   "Question",
   "dhis2:question_circle"
  ]
 },
 {
  "id": "question_triangle",
  "title": "Question Triangle",
  "tags": [
   "Alert",
   "FAQ",
   "Question Mark",
   "Triangle",
   "dhis2:question_triangle"
  ]
 },
 {
  "id": "home",
  "title": "Home",
  "tags": [
   "Door",
   "House",
   "Roof",
   "dhis2:home"
  ]
 },
 {
  "id": "contraceptive_injection",
  "title": "Contraceptive Injection",
  "tags": [
   "Contraceptive",
   "Family Planning",
   "Injection",
   "dhis2:contraceptive_injection"
  ]
 },
 {
  "id": "contraceptive_patch",
  "title": "Contraceptive Patch",
  "tags": [
   "Contraceptive",
   "Family Planning",
   "Patch",
   "dhis2:contraceptive_patch"
  ]
 },
 {
  "id": "person",
  "title": "Person",
  "tags": [
   "Adult",
   "Man",
   "Parent",
   "Woman",
   "avatar",
   "dhis2:person",
   "user"
  ]
 },
 {
  "id": "triangle_small",
  "title": "Triangle Small",
  "tags": [
   "Bullet",
   "Shape",
   "Triangle",
   "dhis2:triangle_small"
  ]
 },
 {
  "id": "triangle_medium",
  "title": "Triangle Medium",
  "tags": [
   "Bullet",
   "Shape",
   "Triangle",
   "dhis2:triangle_medium"
  ]
 },
 {
  "id": "triangle_large",
  "title": "Triangle Large",
  "tags": [
   "Bullet",
   "Shape",
   "Triangle",
   "dhis2:triangle_large"
  ]
 },
 {
  "id": "chills_fever",
  "title": "Fever",
  "tags": [
   "Chills",
   "Cold",
   "Hot",
   "Person",
   "Shaking",
   "Sick",
   "Symptom",
   "Temperature",
   "dhis2:chills_fever"
  ]
 },
 {
  "id": "construction",
  "title": "Hammer",
  "tags": [
   "Build",
   "Construction",
   "Settings",
   "Tool",
   "dhis2:construction"
  ]
 },
 {
  "id": "intensity_concentration_bioassays",
  "title": "Intensity Concentration Bioassays",
  "tags": [
   "Diagnostic",
   "Malaria",
   "Mosquito",
   "dhis2:intensity_concentration_bioassays"
  ]
 },
 {
  "id": "observation",
  "title": "Hospital Bed Timer",
  "tags": [
   "Bed",
   "Hospital",
   "Inpatient",
   "Observation",
   "Treatment",
   "dhis2:observation"
  ]
 },
 {
  "id": "rural_post",
  "title": "Rural Clinic",
  "tags": [
   "Hospital",
   "Rural Post",
   "Small Hospital",
   "dhis2:rural_post"
  ]
 },
 {
  "id": "malaria_negative_microscope",
  "title": "Malaria Negative",
  "tags": [
   "Diagnostic",
   "Malaria",
   "Microscopic",
   "dhis2:malaria_negative_microscope"
  ]
 },
 {
  "id": "hiv_self_test",
  "title": "HIV Self Test",
  "tags": [
   "AIDS",
   "HIV",
   "blood",
   "dhis2:hiv_self_test",
   "diagnostic",
   "hand"
  ]
 },
 {
  "id": "malaria_mixed_microscope",
  "title": "Malaria Mixed",
  "tags": [
   "Diagnostic",
   "Malaria",
   "Microscopic",
   "dhis2:malaria_mixed_microscope"
  ]
 },
 {
  "id": "water_treatment",
  "title": "Water Treatment",
  "tags": [
   "Arrows",
   "Drop",
   "Water",
   "dhis2:water_treatment"
  ]
 },
 {
  "id": "treated_water",
  "title": "Treated Water",
  "tags": [
   "Clean Water",
   "Drinking Water",
   "Hygeine",
   "dhis2:treated_water"
  ]
 },
 {
  "id": "machinery",
  "title": "Machinery",
  "tags": [
   "Digger",
   "Equipment",
   "Front-end Loader",
   "dhis2:machinery"
  ]
 },
 {
  "id": "paved_road",
  "title": "Paved Road",
  "tags": [
   "Curve",
   "Road",
   "dhis2:paved_road"
  ]
 },
 {
  "id": "vespa_motorcycle",
  "title": "Motor Scooter",
  "tags": [
   "Motorbike",
   "Motorcycle",
   "dhis2:vespa_motorcycle"
  ]
 },
 {
  "id": "travel",
  "title": "Traveller",
  "tags": [
   "Flight",
   "Person",
   "Suitcase",
   "Travel",
   "dhis2:travel"
  ]
 },
 {
  "id": "palm_branches_roof",
  "title": "Home with Roof Made of Palm Branches",
  "tags": [
   "Building",
   "House",
   "Hut",
   "dhis2:palm_branches_roof"
  ]
 },
 {
  "id": "proper_roof",
  "title": "Home with Proper Roof",
  "tags": [
   "Building",
   "House",
   "Hut",
   "dhis2:proper_roof"
  ]
 },
 {
  "id": "tb",
  "title": "Tuberculosis",
  "tags": [
   "Lungs",
   "Organ",
   "TB",
   "dhis2:tb"
  ]
 },
 {
  "id": "hiv_ind",
  "title": "Hiv Ind",
  "tags": []
 },
 {
  "id": "hiv_neg",
  "title": "Hiv Neg",
  "tags": []
 },
 {
  "id": "ribbon",
  "title": "Ribbon",
  "tags": []
 },
 {
  "id": "hiv_pos",
  "title": "Hiv Pos",
  "tags": []
 },
 {
  "id": "eco_care",
  "title": "Eco Care",
  "tags": []
 },
 {
  "id": "emergency_post",
  "title": "Field Hospital",
  "tags": [
   "Cross",
   "Emergency Post",
   "Tent",
   "War Hospital",
   "dhis2:emergency_post"
  ]
 },
 {
  "id": "stop",
  "title": "Stop",
  "tags": []
 },
 {
  "id": "imm",
  "title": "Imm",
  "tags": []
 },
 {
  "id": "expectorate",
  "title": "Expectorate",
  "tags": [
   "Aerosol",
   "Cough",
   "Emoji",
   "Face",
   "Sneeze",
   "dhis2:expectorate"
  ]
 },
 {
  "id": "fever",
  "title": "Fever",
  "tags": [
   "Face",
   "Fever",
   "Frown",
   "Negative",
   "Sick",
   "Symptom",
   "Thermometer",
   "dhis2:fever"
  ]
 },
 {
  "id": "ambulance",
  "title": "Ambulance",
  "tags": [
   "Cross",
   "Emergency",
   "Red Cross",
   "Siren",
   "Truck",
   "dhis2:ambulance"
  ]
 },
 {
  "id": "mobile_clinic",
  "title": "Mobile Clinic",
  "tags": [
   "Ambulance",
   "Cross",
   "Red Cross",
   "Truck",
   "dhis2:mobile_clinic"
  ]
 },
 {
  "id": "social_distancing",
  "title": "Social Distancing",
  "tags": [
   "Apart",
   "Arrows",
   "Between",
   "Social Distance",
   "Space",
   "dhis2:social_distancing"
  ]
 },
 {
  "id": "tac",
  "title": "CT Scan",
  "tags": [
   "CAT Scan",
   "CT Scan",
   "Computed Tomography",
   "Diagnostic Imaging",
   "Radiology",
   "dhis2:tac"
  ]
 },
 {
  "id": "discriminating_concentration_bioassays",
  "title": "Discriminating Concentration Bioassays",
  "tags": [
   "Mosquito",
   "Test",
   "dhis2:discriminating_concentration_bioassays"
  ]
 },
 {
  "id": "running_water",
  "title": "Water Tap",
  "tags": [
   "Clean Water",
   "Drinking Water",
   "Running Water",
   "Sanitation",
   "dhis2:running_water"
  ]
 },
 {
  "id": "oral_contraception_pillsx21",
  "title": "Oral Contraception Pillsx 21",
  "tags": []
 },
 {
  "id": "oral_contraception_pillsx28",
  "title": "Oral Contraception Pillsx 28",
  "tags": []
 },
 {
  "id": "un_paved_road",
  "title": "Unpaved Road",
  "tags": [
   "Curve",
   "Dirt",
   "Road",
   "dhis2:unpaved_road"
  ]
 },
 {
  "id": "symptom",
  "title": "Symptoms",
  "tags": [
   "Diagnosis",
   "Evaluation",
   "Patient",
   "Person",
   "dhis2:symptom"
  ]
 },
 {
  "id": "cervical_cancer",
  "title": "Cervical Cancer",
  "tags": []
 },
 {
  "id": "female_sex_worker",
  "title": "Sex Worker Female",
  "tags": [
   "Female",
   "Person",
   "Prostitute",
   "Woman",
   "Worker",
   "dhis2:sex_worker_male"
  ]
 },
 {
  "id": "male_sex_worker",
  "title": "Sex Worker",
  "tags": [
   "Male",
   "Person",
   "Prostitute",
   "Worker",
   "dhis2:sex_worker_male"
  ]
 },
 {
  "id": "cholera",
  "title": "Cholera",
  "tags": []
 },
 {
  "id": "people",
  "title": "People",
  "tags": [
   "Parent",
   "Person",
   "Two People",
   "dhis2:people",
   "group",
   "users"
  ]
 },
 {
  "id": "truck_driver",
  "title": "Truck Driver",
  "tags": [
   "Driver",
   "Lorry",
   "Road",
   "Truck",
   "Vehicle",
   "Wheel",
   "Worker",
   "dhis2:truck_driver"
  ]
 },
 {
  "id": "officer",
  "title": "Police Officer",
  "tags": [
   "Cop",
   "Detective",
   "Guard",
   "Police",
   "Worker",
   "dhis2:officer"
  ]
 },
 {
  "id": "security_worker",
  "title": "Security Worker",
  "tags": [
   "Guard",
   "Prison",
   "Worker",
   "dhis2:security_worker"
  ]
 },
 {
  "id": "nurse",
  "title": "Nurse",
  "tags": [
   "HCW",
   "Healthcare Worker",
   "Hospital Staff",
   "Nurse",
   "Staff Nurse",
   "Worker",
   "dhis2:nurse"
  ]
 },
 {
  "id": "construction_worker",
  "title": "Construction Worker",
  "tags": [
   "Builder",
   "Construction",
   "Helmet",
   "Worker",
   "dhis2:construction_worker"
  ]
 },
 {
  "id": "factory_worker",
  "title": "Factory Worker",
  "tags": [
   "Factory",
   "Helmet",
   "Plant",
   "Worker",
   "dhis2:factory_worker"
  ]
 },
 {
  "id": "rdt_result_neg_invalid_rectangular",
  "title": "Rapid Diagnostic Testing Result Negative Invalid",
  "tags": [
   "Diagnostic",
   "RDT",
   "Testing",
   "dhis2:rdt_result_neg_invalid_rectangular"
  ]
 },
 {
  "id": "rdt_result_neg_invalid",
  "title": "Rapid Diagnostic Testing Result Negative Invalid",
  "tags": [
   "Diagnostic",
   "RDT",
   "Testing",
   "dhis2:rdt_result_neg_invalid"
  ]
 },
 {
  "id": "rdt_result_no_test",
  "title": "Rapid Diagnostic Testing Result No Test",
  "tags": [
   "Diagnostic",
   "RDT",
   "Testing",
   "dhis2:rdt_result_no_test"
  ]
 },
 {
  "id": "rdt_result_pv",
  "title": "Rapid Diagnostic Testing Result PV",
  "tags": [
   "Diagnostic",
   "RDT",
   "Testing",
   "dhis2:rdt_result_pv"
  ]
 },
 {
  "id": "rdt_result_mixed",
  "title": "Rapid Diagnostic Testing Result Mixed",
  "tags": [
   "Diagnostic",
   "RDT",
   "Testing",
   "dhis2:rdt_result_mixed"
  ]
 },
 {
  "id": "rdt_result_mixed",
  "title": "Rapid Diagnostic Testing Mixed",
  "tags": [
   "Diagnostic",
   "RDT",
   "Testing",
   "dhis2:rdt_result_mixed"
  ]
 },
 {
  "id": "rdt_result_pf_invalid",
  "title": "Rapid Diagnostic Testing Result PF Invalid",
  "tags": [
   "Diagnostic",
   "RDT",
   "Testing",
   "dhis2:rdt_result_pf_invalid"
  ]
 },
 {
  "id": "rdt_result_neg",
  "title": "Rapid Diagnostic Testing Result Negative",
  "tags": [
   "Diagnostic",
   "RDT",
   "Testing",
   "dhis2:rdt_result_neg"
  ]
 },
 {
  "id": "rdt_result_mixed",
  "title": "Rapid Diagnostic Testing Result Mixed",
  "tags": [
   "Diagnostic",
   "RDT",
   "Testing",
   "dhis2:rdt_result_mixed"
  ]
 },
 {
  "id": "rdt_result_mixed_invalid",
  "title": "Rapid Diagnostic Testing Result Mixed Invalid",
  "tags": [
   "Diagnostic",
   "RDT",
   "Testing",
   "dhis2:rdt_result_mixed_invalid"
  ]
 },
 {
  "id": "rdt_result_mixed_invalid_rectangular",
  "title": "Rapid Diagnostic Testing Result Mixed Invalid",
  "tags": [
   "Diagnostic",
   "RDT",
   "Testing",
   "dhis2:rdt_result_mixed_invalid_rectangular"
  ]
 },
 {
  "id": "rdt_result_pv_rectangular",
  "title": "Rapid Diagnostic Testing Result PV",
  "tags": [
   "Diagnostic",
   "RDT",
   "Testing",
   "dhis2:rdt_result_pv_rectangular"
  ]
 },
 {
  "id": "rdt_result_pv_invalid_rectangular",
  "title": "Rapid Diagnostic Testing Result PV Invalid",
  "tags": [
   "Diagnostic",
   "RDT",
   "Testing",
   "dhis2:rdt_result_pv_invalid_rectangular"
  ]
 },
 {
  "id": "rdt_result_pf_rectangular",
  "title": "Rapid Diagnostic Testing Result PF",
  "tags": [
   "Diagnostic",
   "RDT",
   "Testing",
   "dhis2:rdt_result_pf_rectangular"
  ]
 },
 {
  "id": "rdt_result_pf_invalid_rectangular",
  "title": "Rapid Diagnostic Testing Result PF Invalid",
  "tags": [
   "Diagnostic",
   "RDT",
   "Testing",
   "dhis2:rdt_result_pf_invalid_rectangular"
  ]
 },
 {
  "id": "rdt_result_neg_rectangular",
  "title": "Rapid Diagnostic Testing Result Negative",
  "tags": [
   "Diagnostic",
   "RDT",
   "Testing",
   "dhis2:rdt_result_neg_rectangular"
  ]
 },
 {
  "id": "rdt_result_mixed_rectangular",
  "title": "Rapid Diagnostic Testing Result Mixed",
  "tags": [
   "Diagnostic",
   "RDT",
   "Testing",
   "dhis2:rdt_result_mixed_rectangular"
  ]
 },
 {
  "id": "rdt_result_invalid",
  "title": "Rapid Diagnostic Testing Result Invalid",
  "tags": [
   "Diagnostic",
   "RDT",
   "Testing",
   "dhis2:rdt_result_invalid"
  ]
 },
 {
  "id": "rdt_result_positive",
  "title": "Rapid Diagnostic Testing Result Positive",
  "tags": [
   "Diagnostic",
   "RDT",
   "Testing",
   "dhis2:rdt_result_positive"
  ]
 },
 {
  "id": "rdt_result_negative",
  "title": "Rapid Diagnostic Testing Result Negative",
  "tags": [
   "Diagnostic",
   "RDT",
   "Testing",
   "dhis2:rdt_result_negative"
  ]
 },
 {
  "id": "boy_0105y",
  "title": "Boy 1-5 Years",
  "tags": [
   "boy",
   "child",
   "dhis2:boy_0105y",
   "male",
   "toddler"
  ]
 },
 {
  "id": "boy_1015y",
  "title": "Boy 10-15 Years",
  "tags": [
   "Boy",
   "Child",
   "Male",
   "Teen",
   "dhis2:boy_1015y"
  ]
 },
 {
  "id": "child_program",
  "title": "Children",
  "tags": [
   "Boy",
   "Child",
   "Female",
   "Girl",
   "Kids",
   "Male",
   "Young",
   "Youth",
   "dhis2:child_program"
  ]
 },
 {
  "id": "elderly",
  "title": "Elderly People",
  "tags": [
   "Cane",
   "Couple",
   "Elder",
   "Geriatric",
   "Man",
   "Old",
   "People",
   "Woman",
   "dhis2:elderly"
  ]
 },
 {
  "id": "girl_0105y",
  "title": "Girl 1-5 Years",
  "tags": [
   "child",
   "dhis2:girl_0105y",
   "female",
   "girl",
   "toddler"
  ]
 },
 {
  "id": "girl_1015y",
  "title": "Girl 10-15 Years",
  "tags": [
   "child",
   "dhis2:girl_1015y",
   "female",
   "girl",
   "teen"
  ]
 },
 {
  "id": "lactation",
  "title": "Nursing Mother",
  "tags": [
   "Postnatal",
   "dhis2:lactation",
   "lactation",
   "milk",
   "mother",
   "nursing",
   "pregnant"
  ]
 },
 {
  "id": "rmnh",
  "title": "Reproductive Maternal and Newborn Health",
  "tags": [
   "Postnatal",
   "antenatal",
   "baby",
   "child",
   "dhis2:rmnh",
   "mother",
   "rmnh"
  ]
 },
 {
  "id": "male_and_female",
  "title": "Male and Female",
  "tags": [
   "Couple",
   "Man",
   "People",
   "Woman",
   "dhis2:male_and_female"
  ]
 },
 {
  "id": "female_and_male",
  "title": "Female and Male",
  "tags": [
   "Couple",
   "Man",
   "People",
   "Woman",
   "dhis2:female_and_male"
  ]
 },
 {
  "id": "man",
  "title": "Man",
  "tags": [
   "Boy",
   "Gender",
   "Male",
   "Man",
   "Sex",
   "Symbol",
   "dhis2:man"
  ]
 },
 {
  "id": "old_man",
  "title": "Elderly Person",
  "tags": [
   "Geriatric",
   "Male",
   "Man",
   "Old",
   "Symbol",
   "dhis2:old_man"
  ]
 },
 {
  "id": "old_woman",
  "title": "Elderly Woman",
  "tags": [
   "Female",
   "Geriatric",
   "Old",
   "Symbol",
   "Woman",
   "dhis2:old_woman"
  ]
 },
 {
  "id": "transgender",
  "title": "Transgender",
  "tags": [
   "Gender",
   "Sex",
   "Symbol",
   "Trans",
   "Transgender",
   "dhis2:transgender"
  ]
 },
 {
  "id": "woman",
  "title": "Woman",
  "tags": [
   "Female",
   "Gender",
   "Girl",
   "Sex",
   "Symbol",
   "Woman",
   "dhis2:woman"
  ]
 },
 {
  "id": "young_people",
  "title": "Youth",
  "tags": [
   "Boy",
   "Child",
   "Female",
   "Girl",
   "Kids",
   "Male",
   "Teen",
   "Young",
   "Youth",
   "dhis2:young_people"
  ]
 },
 {
  "id": "outpatient",
  "title": "Outpatient",
  "tags": [
   "Checkup",
   "Doctor",
   "Hospital",
   "OPD",
   "Outpatient Department",
   "Patient",
   "Visit",
   "dhis2:outpatient"
  ]
 },
 {
  "id": "malaria_testing",
  "title": "Malaria Testing",
  "tags": [
   "Malaria",
   "Mosquito",
   "dhis2:malaria_testing"
  ]
 },
 {
  "id": "surgical_sterilization",
  "title": "Surgical Tools",
  "tags": [
   "Scalpel",
   "Sterilized Surgical Tools",
   "Surgeon",
   "Surgery",
   "Tweezers",
   "dhis2:surgical_sterilization"
  ]
 },
 {
  "id": "pwid",
  "title": "People Who Inject Drugs",
  "tags": [
   "Arm",
   "Drugs",
   "IV",
   "Intravenous",
   "Narcotics",
   "Needle",
   "People",
   "dhis2:pwid"
  ]
 },
 {
  "id": "bills",
  "title": "Money Bills",
  "tags": [
   "Currency",
   "Paper Money",
   "Payment",
   "dhis2:bills"
  ]
 },
 {
  "id": "family_planning",
  "title": "Family Planning",
  "tags": [
   "Condom",
   "Contraceptive",
   "Family Planning",
   "IUD",
   "Pills",
   "dhis2:family_planning"
  ]
 },
 {
  "id": "underweight",
  "title": "Underweight",
  "tags": [
   "Patient",
   "People",
   "Thin",
   "Underweight",
   "Vitals",
   "dhis2:underweight"
  ]
 },
 {
  "id": "overweight",
  "title": "Overweight",
  "tags": [
   "Obese",
   "Overweight",
   "Patient",
   "People",
   "Vitals",
   "dhis2:overweight"
  ]
 },
 {
  "id": "referral",
  "title": "Referral",
  "tags": [
   "Admission",
   "Entrance",
   "Hospital",
   "dhis2:referral"
  ]
 },
 {
  "id": "provider_fst",
  "title": "Provider Fst",
  "tags": []
 },
 {
  "id": "rdt_result_out_stock",
  "title": "RDT Stock Out",
  "tags": [
   "Empty Box",
   "Retroviral",
   "dhis2:rdt_result_out_stock"
  ]
 },
 {
  "id": "stock_out",
  "title": "Stock Out",
  "tags": [
   "Empty Box",
   "Medicines",
   "dhis2:stock_out"
  ]
 },
 {
  "id": "baby_male_0203m",
  "title": "Baby 2-3 Months",
  "tags": [
   "Boy",
   "Diaper",
   "Girl",
   "Infant",
   "dhis2:baby_male_0203m"
  ]
 },
 {
  "id": "plantation_worker",
  "title": "Plantation Worker",
  "tags": [
   "agriculture",
   "dhis2:plantation_worker",
   "farmer",
   "plantation",
   "worker"
  ]
 },
 {
  "id": "synergist_insecticide_bioassays",
  "title": "Synergist Insecticide Bioassays",
  "tags": [
   "Malaria",
   "Mosquito",
   "dhis2:synergist_insecticide_bioassays"
  ]
 },
 {
  "id": "measles",
  "title": "Measles",
  "tags": [
   "Disease",
   "Emoji",
   "Face",
   "Fever",
   "Measles",
   "dhis2:measles"
  ]
 },
 {
  "id": "traumatism",
  "title": "Trauma",
  "tags": [
   "ER",
   "Emergency",
   "Injury",
   "Patient",
   "People",
   "Trauma",
   "dhis2:traumatism"
  ]
 },
 {
  "id": "hormonal_ring",
  "title": "Hormonal Ring",
  "tags": [
   "Contraceptive",
   "Family Planning",
   "dhis2:hormonal_ring"
  ]
 },
 {
  "id": "hpv",
  "title": "HPV",
  "tags": [
   "Human Papillomavirus",
   "Infection",
   "Infectious Disease",
   "Virus",
   "dhis2:vih"
  ]
 },
 {
  "id": "vih",
  "title": "HIV",
  "tags": [
   "AIDS",
   "HIV",
   "Infection",
   "Infectious Disease",
   "Virus",
   "dhis2:vih"
  ]
 },
 {
  "id": "breeding_sites",
  "title": "Breeding Sites",
  "tags": []
 },
 {
  "id": "donkey",
  "title": "Donkey",
  "tags": [
   "Animal",
   "Ass",
   "Farm",
   "Mule",
   "dhis2:donkey"
  ]
 },
 {
  "id": "mosquito",
  "title": "Mosquito",
  "tags": []
 },
 {
  "id": "malaria_outbreak",
  "title": "Malaria Outbreak",
  "tags": []
 },
 {
  "id": "insecticide_resistance",
  "title": "Insecticide Resistance",
  "tags": []
 },
 {
  "id": "mosquito_collection",
  "title": "Mosquito Collection",
  "tags": [
   "Malaria",
   "Mosquito",
   "dhis2:mosquito_collection"
  ]
 },
 {
  "id": "oxygen_tank",
  "title": "Oxygen Tank",
  "tags": [
   "02",
   "Air",
   "Breath dhis2:oxygen_tank",
   "Canister"
  ]
 },
 {
  "id": "ppe_gown",
  "title": "PPE Gown",
  "tags": [
   "Clothes",
   "Infection Control",
   "dhis2:ppe_gown"
  ]
 },
 {
  "id": "ppe_gloves",
  "title": "PPE Gloves",
  "tags": [
   "Glove",
   "Hands",
   "Infection Control",
   "PPE",
   "dhis2:ppe_gloves"
  ]
 },
 {
  "id": "ppe_mask_n95",
  "title": "PPE Mask N95",
  "tags": [
   "Infection Control",
   "PPE",
   "dhis2:ppe_mask_n95"
  ]
 },
 {
  "id": "ppe_face_mask",
  "title": "PPE Face Mask",
  "tags": [
   "Infection Control",
   "PPE",
   "dhis2:ppe_face_mask"
  ]
 },
 {
  "id": "award_trophy",
  "title": "Trophy",
  "tags": [
   "Prize",
   "Success   dhis2:award_trophy",
   "Trophy"
  ]
 },
 {
  "id": "award_ribbon",
  "title": "Award",
  "tags": [
   "Prize",
   "Ribbon",
   "Success",
   "Trophy",
   "dhis2:award_ribbon"
  ]
 },
 {
  "id": "geo_location",
  "title": "Location",
  "tags": [
   "GIS",
   "Geo",
   "Location",
   "Map",
   "Pin",
   "dhis2:geo_location"
  ]
 },
 {
  "id": "death",
  "title": "Death",
  "tags": []
 },
 {
  "id": "death_alt",
  "title": "Death Alt",
  "tags": []
 },
 {
  "id": "death_alt2",
  "title": "Death Alt 2",
  "tags": []
 },
 {
  "id": "child_cognition",
  "title": "Child Cognition",
  "tags": [
   "Brain",
   "Education",
   "Head",
   "Learning",
   "Mental Health",
   "Neurology",
   "Spine",
   "dhis2:child_cognition"
  ]
 },
 {
  "id": "outbreak",
  "title": "Outbreak",
  "tags": []
 },
 {
  "id": "nutrition",
  "title": "Nutrition",
  "tags": []
 },
 {
  "id": "diabetes",
  "title": "Diabetes",
  "tags": [
   "DM",
   "Endocrine",
   "Endocrinology",
   "Glucose",
   "Sugar",
   "dhis2:diabetes"
  ]
 },
 {
  "id": "diabetes_measure",
  "title": "Diabetes Measure",
  "tags": []
 },
 {
  "id": "pneumonia",
  "title": "Pneumonia",
  "tags": [
   "dhis2:pneumonia",
   "lung",
   "lungs",
   "organ",
   "pneumonia"
  ]
 },
 {
  "id": "thermometer",
  "title": "Temperature",
  "tags": [
   "Cold Chain",
   "Freezer",
   "Refrigeration",
   "Temperature",
   "Thermometer",
   "dhis2:thermometer"
  ]
 },
 {
  "id": "mobile",
  "title": "Mobile App",
  "tags": [
   "App",
   "Application",
   "Phone",
   "Smartphone",
   "dhis2:mobile_app",
   "eHealth"
  ]
 },
 {
  "id": "lungs",
  "title": "Lungs",
  "tags": [
   "Organ",
   "Pulmonary dhis2:lungs"
  ]
 },
 {
  "id": "kidneys",
  "title": "Kidneys",
  "tags": [
   "Organ",
   "Urinary",
   "dhis2:kidney"
  ]
 }
]