[
 {
  "id": "megaphone",
  "title": "Megaphone",
  "tags": []
 },
 {
  "id": "2g",
  "title": "2G",
  "tags": [
   "Bandwidth",
   "Connection",
   "Network",
   "Phone",
   "Speed",
   "dhis2:2g"
  ]
 },
 {
  "id": "3g",
  "title": "3G",
  "tags": [
   "Bandwidth",
   "Connection",
   "Network",
   "Phone",
   "Speed",
   "dhis2:3g"
  ]
 },
 {
  "id": "4x4",
  "title": "SUV",
  "tags": [
   "4x4",
   "4×4",
   "Off-Road",
   "Sport Utility Vehicle",
   "Truck",
   "dhis2:4x4"
  ]
 },
 {
  "id": "agriculture",
  "title": "Agriculture",
  "tags": []
 },
 {
  "id": "agriculture_worker",
  "title": "Farmer",
  "tags": [
   "Agricultural Worker",
   "Farmhand",
   "Pitchfork",
   "dhis2:agricultural_worker"
  ]
 },
 {
  "id": "alert_circle",
  "title": "Alert Circle",
  "tags": [
   "Exclamation Point",
   "Warning",
   "dhis2:alert_circle"
  ]
 },
 {
  "id": "alert",
  "title": "Warning",
  "tags": [
   "Alert",
   "Exclamation Mark",
   "Exclamation Point",
   "dhis2:alert"
  ]
 },
 {
  "id": "ambulatory_clinic",
  "title": "Clinic",
  "tags": [
   "Ambulatory Clinic",
   "Hospital",
   "Office",
   "Small Hospital",
   "dhis2:ambulatory_clinic"
  ]
 },
 {
  "id": "ancv",
  "title": "Ancv",
  "tags": []
 },
 {
  "id": "basic_motorcycle",
  "title": "Motorcycle",
  "tags": [
   "Dirtbike dhis2:motorcycle",
   "Motorbike"
  ]
 },
 {
  "id": "bike",
  "title": "Bicycle",
  "tags": [
   "Bike",
   "City Bike",
   "Mountain Bike",
   "dhis2:bike"
  ]
 },
 {
  "id": "blood_a_n",
  "title": "Blood Type A-",
  "tags": [
   "A Negative",
   "Blood",
   "dhis2:blood_a_n"
  ]
 },
 {
  "id": "blood_a_p",
  "title": "Blood Type A+",
  "tags": [
   "A Positive",
   "Blood",
   "dhis2:blood_a_p"
  ]
 },
 {
  "id": "blood_ab_n",
  "title": "Blood Type AB-",
  "tags": [
   "AB Negative",
   "Blood",
   "dhis2:blood_ab_n"
  ]
 },
 {
  "id": "blood_ab_p",
  "title": "Blood Type AB+",
  "tags": [
   "AB Positive",
   "Blood",
   "dhis2:blood_ab_p"
  ]
 },
 {
  "id": "blood_b_n",
  "title": "Blood Type B-",
  "tags": [
   "B Negative",
   "Blood",
   "dhis2:blood_b_n"
  ]
 },
 {
  "id": "blood_b_p",
  "title": "Blood Type B+",
  "tags": [
   "B Positive",
   "Blood",
   "dhis2:blood_b_p"
  ]
 },
 {
  "id": "blood_o_n",
  "title": "Blood Type O-",
  "tags": [
   "Blood",
   "O Negative",
   "dhis2:blood_o_n"
  ]
 },
 {
  "id": "blood_o_p",
  "title": "Blood Type O+",
  "tags": [
   "Blood",
   "O Positive",
   "dhis2:blood_o_p"
  ]
 },
 {
  "id": "blood_pressure_2",
  "title": "Blood Pressure 2",
  "tags": []
 },
 {
  "id": "blood_pressure_monitor",
  "title": "Blood Pressure Monitor",
  "tags": []
 },
 {
  "id": "blood_pressure",
  "title": "Blood Pressure",
  "tags": []
 },
 {
  "id": "blood_rh_n",
  "title": "Blood Type RH-",
  "tags": [
   "Blood",
   "RH Negative",
   "dhis2:blood_rh_n"
  ]
 },
 {
  "id": "blood_rh_p",
  "title": "Blood Type RH+",
  "tags": [
   "Blood",
   "RH Positive",
   "dhis2:blood_rh_p"
  ]
 },
 {
  "id": "calendar",
  "title": "Calendar",
  "tags": []
 },
 {
  "id": "cardiogram_e",
  "title": "Cardiogram E",
  "tags": []
 },
 {
  "id": "cardiogram",
  "title": "Cardiogram",
  "tags": []
 },
 {
  "id": "child_care",
  "title": "Child Care",
  "tags": []
 },
 {
  "id": "chills",
  "title": "Chills",
  "tags": [
   "Cold",
   "Freezing",
   "Hypothermia",
   "Person",
   "Shake",
   "dhis2:chills"
  ]
 },
 {
  "id": "city_worker",
  "title": "City Worker",
  "tags": []
 },
 {
  "id": "clean_hands",
  "title": "Clean Hands",
  "tags": []
 },
 {
  "id": "clinical_f",
  "title": "Clinical F",
  "tags": []
 },
 {
  "id": "clinical_fe",
  "title": "Clinical Fe",
  "tags": []
 },
 {
  "id": "cold_chain",
  "title": "Cold Chain",
  "tags": []
 },
 {
  "id": "cone_test_on_nets",
  "title": "Cone Test On Nets",
  "tags": []
 },
 {
  "id": "cone_test_on_walls",
  "title": "Cone Test On Walls",
  "tags": []
 },
 {
  "id": "contact_support",
  "title": "Support",
  "tags": [
   "Chat",
   "Contact",
   "FAQ",
   "Help",
   "Question Mark",
   "Speech Bubble",
   "dhis2:contact_support"
  ]
 },
 {
  "id": "contraceptive_voucher",
  "title": "Contraceptive Voucher",
  "tags": []
 },
 {
  "id": "copper_iud",
  "title": "Copper Iud",
  "tags": []
 },
 {
  "id": "coughing",
  "title": "Coughing",
  "tags": []
 },
 {
  "id": "cross_country_motorcycle",
  "title": "Off-road Motorcycle",
  "tags": [
   "Cross Country",
   "Dirt Bike",
   "Motorbike",
   "Motorcycle",
   "dhis2:cross_country_motorcycle"
  ]
 },
 {
  "id": "default",
  "title": "Default",
  "tags": []
 },
 {
  "id": "female_condom",
  "title": "Female Condom",
  "tags": []
 },
 {
  "id": "forum",
  "title": "Forum",
  "tags": []
 },
 {
  "id": "communication",
  "title": "Chat",
  "tags": [
   "Communication",
   "Message",
   "Speech Bubble",
   "dhis2:communication"
  ]
 },
 {
  "id": "group_discussion_meeting",
  "title": "Group Discussion Meeting",
  "tags": []
 },
 {
  "id": "group_discussion_meetingx3",
  "title": "Group Discussion Meetingx 3",
  "tags": []
 },
 {
  "id": "headache",
  "title": "Headache",
  "tags": []
 },
 {
  "id": "sweating",
  "title": "Sweating",
  "tags": []
 },
 {
  "id": "health_worker_form",
  "title": "Health Worker Form",
  "tags": []
 },
 {
  "id": "heart_cardiogram",
  "title": "Cardiogram",
  "tags": [
   "Cardiology",
   "ECG",
   "EKG",
   "Electrocardiogram",
   "Heart",
   "Monitor",
   "dhis2:heart_cardiogram"
  ]
 },
 {
  "id": "heart",
  "title": "Heart",
  "tags": [
   "Cardiology",
   "Like dhis2:heart",
   "Love"
  ]
 },
 {
  "id": "hospitalized",
  "title": "Hospitalized",
  "tags": []
 },
 {
  "id": "i_groups_perspective_crowd",
  "title": "I Groups Perspective Crowd",
  "tags": []
 },
 {
  "id": "i_training_class",
  "title": "I Training Class",
  "tags": []
 },
 {
  "id": "i_utensils",
  "title": "I Utensils",
  "tags": []
 },
 {
  "id": "information_campaign",
  "title": "Information Campaign",
  "tags": []
 },
 {
  "id": "inpatient",
  "title": "Inpatient",
  "tags": []
 },
 {
  "id": "letrina",
  "title": "Outhouse",
  "tags": [
   "Bathroom",
   "Biffy",
   "Bog",
   "Crapper",
   "Dunny",
   "Honey Bucket",
   "John",
   "Kybo",
   "Latrine",
   "Long Drop",
   "Outdoor Toilet",
   "Portaloo",
   "Privy",
   "Thunderbox",
   "Toilet",
   "WC",
   "Water Closet",
   "dhis2:letrina"
  ]
 },
 {
  "id": "malaria_pf_microscope",
  "title": "Malaria Pf Microscope",
  "tags": []
 },
 {
  "id": "malaria_pv_microscope",
  "title": "Malaria Pv Microscope",
  "tags": []
 },
 {
  "id": "medicines",
  "title": "Medicines",
  "tags": []
 },
 {
  "id": "mental_disorders",
  "title": "Mental Disorders",
  "tags": []
 },
 {
  "id": "miner_worker",
  "title": "Miner Worker",
  "tags": []
 },
 {
  "id": "msm",
  "title": "Msm",
  "tags": []
 },
 {
  "id": "nausea",
  "title": "Nausea",
  "tags": []
 },
 {
  "id": "neurology",
  "title": "Neurology",
  "tags": []
 },
 {
  "id": "pregnant",
  "title": "Pregnant",
  "tags": []
 },
 {
  "id": "refused",
  "title": "Hand",
  "tags": [
   "Fingers",
   "Five",
   "Palm",
   "Refused",
   "Stop",
   "dhis2:refused"
  ]
 },
 {
  "id": "sayana_press",
  "title": "Sayana Press",
  "tags": []
 },
 {
  "id": "spraying",
  "title": "Spraying",
  "tags": []
 },
 {
  "id": "sti",
  "title": "Sti",
  "tags": []
 },
 {
  "id": "vomiting",
  "title": "Vomiting",
  "tags": [
   "Gastro",
   "Sick",
   "Spew",
   "Stomach Flu",
   "Throw Up",
   "dhis2:vomiting"
  ]
 },
 {
  "id": "wash_hands",
  "title": "Wash Hands",
  "tags": []
 },
 {
  "id": "water_sanitation",
  "title": "Water Sanitation",
  "tags": []
 },
 {
  "id": "wold_care",
  "title": "Wold Care",
  "tags": []
 },
 {
  "id": "baby_male_0306m",
  "title": "Baby",
  "tags": [
   "Boy",
   "Crawl",
   "Diaper",
   "Girl",
   "dhis2:baby_male"
  ]
 },
 {
  "id": "forest_persons",
  "title": "Person in Forest",
  "tags": [
   "Nature",
   "Person",
   "Tree",
   "Walking",
   "dhis2:forest_persons"
  ]
 },
 {
  "id": "forest",
  "title": "Forest",
  "tags": [
   "Nature",
   "Park",
   "Trees",
   "dhis2:forest"
  ]
 },
 {
  "id": "church",
  "title": "Church",
  "tags": [
   "Christian",
   "House of Worship",
   "Religion",
   "Worship",
   "dhis2:church"
  ]
 },
 {
  "id": "doctor_female",
  "title": "Female Doctor",
  "tags": [
   "Doctor",
   "MD",
   "Stethoscope",
   "Woman",
   "dhis2:doctor_female"
  ]
 },
 {
  "id": "doctor_male",
  "title": "Male Doctor",
  "tags": [
   "Doctor",
   "MD",
   "Man",
   "Stethoscope",
   "dhis2:doctor_female"
  ]
 },
 {
  "id": "doctor",
  "title": "Doctor",
  "tags": []
 },
 {
  "id": "domestic_worker",
  "title": "Domestic Worker",
  "tags": [
   "Cleaner",
   "Labor",
   "Plumber",
   "dhis2:domestic_worker"
  ]
 },
 {
  "id": "magnifying_glass",
  "title": "Magnifying Glass",
  "tags": []
 },
 {
  "id": "coins",
  "title": "Coins",
  "tags": []
 },
 {
  "id": "contraceptive_diaphragm",
  "title": "Contraceptive Diaphragm",
  "tags": []
 },
 {
  "id": "dhis2_logo",
  "title": "DHIS2 Logo",
  "tags": [
   "Layers",
   "Squares",
   "dhis2:dhis2_logo"
  ]
 },
 {
  "id": "polygon",
  "title": "Polygon",
  "tags": [
   "Design",
   "Nodes",
   "Pentagon",
   "Shape",
   "dhis2:polygon"
  ]
 },
 {
  "id": "drone",
  "title": "Drone",
  "tags": []
 },
 {
  "id": "electricity",
  "title": "Electricity",
  "tags": [
   "Bulb",
   "Light bulb",
   "Lightning",
   "Zap",
   "dhis2:electricity"
  ]
 },
 {
  "id": "hazardous",
  "title": "Hazardous",
  "tags": [
   "Alert",
   "Danger",
   "Radiation",
   "Radioactive",
   "Warning",
   "dhis2:hazardous"
  ]
 },
 {
  "id": "alert_triangle",
  "title": "Warning Triangle",
  "tags": [
   "Alert",
   "Exclamation Mark",
   "Exclamation Point",
   "Triangle",
   "dhis2:alert_triangle"
  ]
 },
 {
  "id": "fever",
  "title": "Fever",
  "tags": []
 },
 {
  "id": "helicopter",
  "title": "Helicopter",
  "tags": [
   "Chopper",
   "Medevac",
   "Medivac",
   "dhis2:helicopter"
  ]
 },
 {
  "id": "happy",
  "title": "Happy",
  "tags": [
   "Content",
   "Face",
   "Joy",
   "Laugh",
   "Smile",
   "dhis2:happy"
  ]
 },
 {
  "id": "i_certificate_paper",
  "title": "I Certificate Paper",
  "tags": []
 },
 {
  "id": "i_documents_accepted",
  "title": "I Documents Accepted",
  "tags": []
 },
 {
  "id": "i_documents_denied",
  "title": "I Documents Denied",
  "tags": []
 },
 {
  "id": "hot_meal",
  "title": "Hot Meal",
  "tags": []
 },
 {
  "id": "i_exam_qualification",
  "title": "I Exam Qualification",
  "tags": []
 },
 {
  "id": "implant",
  "title": "Implant",
  "tags": []
 },
 {
  "id": "high_bars",
  "title": "High Bars",
  "tags": [
   "Connection",
   "Fast",
   "Network",
   "Phone",
   "Speed",
   "dhis2:high_bars"
  ]
 },
 {
  "id": "medium_bars",
  "title": "Medium Bars",
  "tags": [
   "Connection",
   "Medium",
   "Network",
   "Phone",
   "Speed",
   "dhis2:medium_bars"
  ]
 },
 {
  "id": "justice",
  "title": "Justice",
  "tags": []
 },
 {
  "id": "info",
  "title": "Info",
  "tags": []
 },
 {
  "id": "circle_large",
  "title": "Circle Large",
  "tags": []
 },
 {
  "id": "circle_medium",
  "title": "Circle Medium",
  "tags": []
 },
 {
  "id": "circle_small",
  "title": "Circle Small",
  "tags": []
 },
 {
  "id": "llin",
  "title": "Llin",
  "tags": []
 },
 {
  "id": "low_bars",
  "title": "Low Bars",
  "tags": [
   "Connection",
   "Network",
   "Phone",
   "Slow",
   "Speed",
   "dhis2:low_bars"
  ]
 },
 {
  "id": "medium_level",
  "title": "Medium Level",
  "tags": [
   "Gauge",
   "Half",
   "Measure",
   "Meter",
   "Mid",
   "Speedometer",
   "dhis2:medium_level"
  ]
 },
 {
  "id": "high_level",
  "title": "High Level",
  "tags": [
   "Fast",
   "Full",
   "Gauge",
   "Measure",
   "Meter",
   "Speedometer",
   "dhis2:high_level"
  ]
 },
 {
  "id": "low_level",
  "title": "Low Level",
  "tags": [
   "Empty",
   "Gauge",
   "Measure",
   "Meter",
   "Slow",
   "Speedometer",
   "dhis2:low_level"
  ]
 },
 {
  "id": "ok",
  "title": "Smile",
  "tags": [
   "Face",
   "Happy",
   "OK",
   "Okay",
   "Smile",
   "dhis2:ok"
  ]
 },
 {
  "id": "network_4g",
  "title": "4G",
  "tags": [
   "Bandwidth",
   "Connection",
   "LTE",
   "Network",
   "Phone",
   "Speed",
   "dhis2:4g"
  ]
 },
 {
  "id": "network_5g",
  "title": "5G",
  "tags": [
   "Bandwidth",
   "Connection",
   "Network",
   "Phone",
   "Speed",
   "dhis2:5g"
  ]
 },
 {
  "id": "pill_1",
  "title": "Pill 1",
  "tags": []
 },
 {
  "id": "pills_2",
  "title": "Pills 2",
  "tags": []
 },
 {
  "id": "pills_3",
  "title": "Pills 3",
  "tags": []
 },
 {
  "id": "pills_4",
  "title": "Pills 4",
  "tags": []
 },
 {
  "id": "sanitizer",
  "title": "Sanitizer",
  "tags": []
 },
 {
  "id": "small_plane",
  "title": "Small Airplane",
  "tags": [
   "Airplane",
   "Airport",
   "Plane",
   "Prop Plane",
   "Propeller",
   "Small Plane",
   "Wings",
   "dhis2:small_plane"
  ]
 },
 {
  "id": "positive",
  "title": "Plus",
  "tags": [
   "Add",
   "Circle",
   "Create",
   "Positive",
   "dhis2:positive"
  ]
 },
 {
  "id": "war",
  "title": "War",
  "tags": [
   "Armored Vehicle",
   "Cannon",
   "Gun",
   "Military",
   "Tank",
   "dhis2:war"
  ]
 },
 {
  "id": "money_bag",
  "title": "Money Bag",
  "tags": []
 },
 {
  "id": "neutral",
  "title": "Neutral",
  "tags": []
 },
 {
  "id": "not_ok",
  "title": "Not Ok",
  "tags": []
 },
 {
  "id": "virus",
  "title": "Virus",
  "tags": []
 },
 {
  "id": "phone",
  "title": "Phone",
  "tags": []
 },
 {
  "id": "baby_female_0306m",
  "title": "Baby Girl",
  "tags": [
   "Crawl",
   "Diaper",
   "Female",
   "dhis2:baby_female"
  ]
 },
 {
  "id": "blister_pills_oval_x1",
  "title": "Blister Pills Oval X 1",
  "tags": []
 },
 {
  "id": "blister_pills_oval_x4",
  "title": "Blister Pills Oval X 4",
  "tags": []
 },
 {
  "id": "blister_pills_oval_x14",
  "title": "Blister Pills Oval X 14",
  "tags": []
 },
 {
  "id": "blister_pills_oval_x16",
  "title": "Blister Pills Oval X 16",
  "tags": []
 },
 {
  "id": "blister_pills_round_x1",
  "title": "Blister Pills Round X 1",
  "tags": []
 },
 {
  "id": "blister_pills_round_x4",
  "title": "Blister Pills Round X 4",
  "tags": []
 },
 {
  "id": "blister_pills_round_x14",
  "title": "Blister Pills Round X 14",
  "tags": []
 },
 {
  "id": "blister_pills_round_x16",
  "title": "Blister Pills Round X 16",
  "tags": []
 },
 {
  "id": "credit_card",
  "title": "Credit Card",
  "tags": []
 },
 {
  "id": "health_worker",
  "title": "Health Worker",
  "tags": []
 },
 {
  "id": "mask",
  "title": "Mask",
  "tags": []
 },
 {
  "id": "iud",
  "title": "Iud",
  "tags": []
 },
 {
  "id": "no",
  "title": "No",
  "tags": [
   "Cancel",
   "Circle",
   "Delete",
   "Denied",
   "Stop",
   "X",
   "dhis2:no"
  ]
 },
 {
  "id": "stethoscope",
  "title": "Stethoscope",
  "tags": []
 },
 {
  "id": "microscope",
  "title": "Microscope",
  "tags": []
 },
 {
  "id": "sexual_reproductive_health",
  "title": "Sexual Reproductive Health",
  "tags": []
 },
 {
  "id": "city",
  "title": "City",
  "tags": [
   "Buildings",
   "Downtown",
   "Highrise",
   "Metro",
   "Metropolis",
   "Urban",
   "dhis2:city"
  ]
 },
 {
  "id": "peace",
  "title": "Peace",
  "tags": []
 },
 {
  "id": "clinical_a",
  "title": "Clinical A",
  "tags": []
 },
 {
  "id": "male_condom",
  "title": "Male Condom",
  "tags": []
 },
 {
  "id": "i_note_action",
  "title": "I Note Action",
  "tags": []
 },
 {
  "id": "yes",
  "title": "Checkmark",
  "tags": [
   "Approved",
   "Circle",
   "Success",
   "Yes",
   "dhis2:yes"
  ]
 },
 {
  "id": "negative",
  "title": "Negative",
  "tags": []
 },
 {
  "id": "i_exam_multiple_choice",
  "title": "I Exam Multiple Choice",
  "tags": []
 },
 {
  "id": "i_schedule_school_date_time",
  "title": "I Schedule School Date Time",
  "tags": []
 },
 {
  "id": "weight",
  "title": "Weight",
  "tags": []
 },
 {
  "id": "syringe",
  "title": "Syringe",
  "tags": []
 },
 {
  "id": "market_stall",
  "title": "Market Stall",
  "tags": [
   "Awning",
   "Shack",
   "Shop",
   "Stall",
   "dhis2:market_stall"
  ]
 },
 {
  "id": "hospital",
  "title": "Hospital",
  "tags": [
   "Clinic",
   "Large Hospital",
   "Urban Hospital",
   "dhis2:hospital"
  ]
 },
 {
  "id": "diarrhea",
  "title": "Diarrhea",
  "tags": []
 },
 {
  "id": "square_large",
  "title": "Square Large",
  "tags": []
 },
 {
  "id": "square_medium",
  "title": "Square Medium",
  "tags": []
 },
 {
  "id": "square_small",
  "title": "Square Small",
  "tags": []
 },
 {
  "id": "star_large",
  "title": "Star Large",
  "tags": []
 },
 {
  "id": "star_medium",
  "title": "Star Medium",
  "tags": []
 },
 {
  "id": "star_small",
  "title": "Star Small",
  "tags": []
 },
 {
  "id": "sad",
  "title": "Sad",
  "tags": []
 },
 {
  "id": "fetus",
  "title": "Fetus",
  "tags": [
   "Baby",
   "Placenta",
   "Prenatal",
   "Umbilical Cord",
   "dhis2:fetus"
  ]
 },
 {
  "id": "pregnant_32w",
  "title": "Pregnant 32 W",
  "tags": []
 },
 {
  "id": "pregnant_0812w",
  "title": "Pregnant 0812 W",
  "tags": []
 },
 {
  "id": "pregnant_2426w",
  "title": "Pregnant 2426 W",
  "tags": []
 },
 {
  "id": "pregnant_3638w",
  "title": "Pregnant 3638 W",
  "tags": []
 },
 {
  "id": "odontology_implant",
  "title": "Odontology Implant",
  "tags": []
 },
 {
  "id": "odontology",
  "title": "Odontology",
  "tags": []
 },
 {
  "id": "question",
  "title": "Question",
  "tags": [
   "FAQ",
   "Help",
   "Question Mark",
   "dhis2:question"
  ]
 },
 {
  "id": "question_circle",
  "title": "Question Circle",
  "tags": [
   "Alert",
   "Ask",
   "FAQ",
   "Help",
   "Question",
   "dhis2:question_circle"
  ]
 },
 {
  "id": "question_triangle",
  "title": "Question Triangle",
  "tags": [
   "Alert",
   "FAQ",
   "Question Mark",
   "Triangle",
   "dhis2:question_triangle"
  ]
 },
 {
  "id": "home",
  "title": "Home",
  "tags": [
   "Door",
   "House",
   "Roof",
   "dhis2:home"
  ]
 },
 {
  "id": "contraceptive_injection",
  "title": "Contraceptive Injection",
  "tags": []
 },
 {
  "id": "contraceptive_patch",
  "title": "Contraceptive Patch",
  "tags": []
 },
 {
  "id": "person",
  "title": "Person",
  "tags": [
   "Adult",
   "Man",
   "Parent",
   "Woman",
   "dhis2:person"
  ]
 },
 {
  "id": "triangle_small",
  "title": "Triangle Small",
  "tags": []
 },
 {
  "id": "triangle_medium",
  "title": "Triangle Medium",
  "tags": []
 },
 {
  "id": "triangle_large",
  "title": "Triangle Large",
  "tags": []
 },
 {
  "id": "chills_fever",
  "title": "Fever",
  "tags": [
   "Chills",
   "Cold",
   "Hot",
   "Person",
   "Shaking",
   "Sick",
   "Temperature",
   "dhis2:chills_fever"
  ]
 },
 {
  "id": "construction",
  "title": "Construction",
  "tags": []
 },
 {
  "id": "intensity_concentration_bioassays",
  "title": "Intensity Concentration Bioassays",
  "tags": []
 },
 {
  "id": "observation",
  "title": "Observation",
  "tags": []
 },
 {
  "id": "rural_post",
  "title": "Rural Clinic",
  "tags": [
   "Hospital",
   "Rural Post",
   "Small Hospital",
   "dhis2:rural_post"
  ]
 },
 {
  "id": "malaria_negative_microscope",
  "title": "Malaria Negative Microscope",
  "tags": []
 },
 {
  "id": "hiv_self_test",
  "title": "Hiv Self Test",
  "tags": []
 },
 {
  "id": "malaria_mixed_microscope",
  "title": "Malaria Mixed Microscope",
  "tags": []
 },
 {
  "id": "water_treatment",
  "title": "Water Treatment",
  "tags": []
 },
 {
  "id": "treated_water",
  "title": "Treated Water",
  "tags": []
 },
 {
  "id": "machinery",
  "title": "Machinery",
  "tags": [
   "Digger",
   "Equipment",
   "Front-end Loader",
   "dhis2:machinery"
  ]
 },
 {
  "id": "pave_road",
  "title": "Pave Road",
  "tags": []
 },
 {
  "id": "vespa_motorcycle",
  "title": "Motor Scooter",
  "tags": [
   "Motorbike",
   "Motorcycle",
   "dhis2:vespa_motorcycle"
  ]
 },
 {
  "id": "travel",
  "title": "Travel",
  "tags": []
 },
 {
  "id": "palm_branches_roof",
  "title": "Home with Roof Made of Palm Branches",
  "tags": [
   "Building",
   "House",
   "Hut",
   "dhis2:palm_branches_roof"
  ]
 },
 {
  "id": "proper_roof",
  "title": "Home with Proper Roof",
  "tags": [
   "Building",
   "House",
   "Hut",
   "dhis2:proper_roof"
  ]
 },
 {
  "id": "tb",
  "title": "Tb",
  "tags": []
 },
 {
  "id": "hiv_ind",
  "title": "Hiv Ind",
  "tags": []
 },
 {
  "id": "hiv_neg",
  "title": "Hiv Neg",
  "tags": []
 },
 {
  "id": "ribbon",
  "title": "Ribbon",
  "tags": []
 },
 {
  "id": "hiv_pos",
  "title": "Hiv Pos",
  "tags": []
 },
 {
  "id": "eco_care",
  "title": "Eco Care",
  "tags": []
 },
 {
  "id": "emergency_post",
  "title": "Field Hospital",
  "tags": [
   "Cross",
   "Emergency Post",
   "Tent",
   "War Hospital",
   "dhis2:emergency_post"
  ]
 },
 {
  "id": "stop",
  "title": "Stop",
  "tags": []
 },
 {
  "id": "imm",
  "title": "Imm",
  "tags": []
 },
 {
  "id": "expectorate",
  "title": "Expectorate",
  "tags": []
 },
 {
  "id": "fever",
  "title": "Fever",
  "tags": []
 },
 {
  "id": "ambulance",
  "title": "Ambulance",
  "tags": [
   "Cross",
   "Emergency",
   "Red Cross",
   "Siren",
   "Truck",
   "dhis2:ambulance"
  ]
 },
 {
  "id": "mobile_clinic",
  "title": "Mobile Clinic",
  "tags": [
   "Ambulance",
   "Cross",
   "Red Cross",
   "Truck",
   "dhis2:mobile_clinic"
  ]
 },
 {
  "id": "social_distancing",
  "title": "Social Distancing",
  "tags": [
   "Apart",
   "Arrows",
   "Between",
   "Social Distance",
   "Space",
   "dhis2:social_distancing"
  ]
 },
 {
  "id": "tac",
  "title": "Tac",
  "tags": []
 },
 {
  "id": "discriminating_concentration_bioassays",
  "title": "Discriminating Concentration Bioassays",
  "tags": []
 },
 {
  "id": "running_water",
  "title": "Running Water",
  "tags": []
 },
 {
  "id": "oral_contraception_pillsx21",
  "title": "Oral Contraception Pillsx 21",
  "tags": []
 },
 {
  "id": "oral_contraception_pillsx28",
  "title": "Oral Contraception Pillsx 28",
  "tags": []
 },
 {
  "id": "un_pave_road",
  "title": "Un Pave Road",
  "tags": []
 },
 {
  "id": "symptom",
  "title": "Symptom",
  "tags": []
 },
 {
  "id": "cervical_cancer",
  "title": "Cervical Cancer",
  "tags": []
 },
 {
  "id": "female_sex_worker",
  "title": "Female Sex Worker",
  "tags": []
 },
 {
  "id": "male_sex_worker",
  "title": "Male Sex Worker",
  "tags": []
 },
 {
  "id": "cholera",
  "title": "Cholera",
  "tags": []
 },
 {
  "id": "people",
  "title": "People",
  "tags": [
   "Parent",
   "Person",
   "Two People",
   "dhis2:people"
  ]
 },
 {
  "id": "truck_driver",
  "title": "Truck Driver",
  "tags": []
 },
 {
  "id": "officer",
  "title": "Officer",
  "tags": []
 },
 {
  "id": "security_worker",
  "title": "Security Worker",
  "tags": []
 },
 {
  "id": "nurse",
  "title": "Nurse",
  "tags": []
 },
 {
  "id": "construction_worker",
  "title": "Construction Worker",
  "tags": []
 },
 {
  "id": "factory_worker",
  "title": "Factory Worker",
  "tags": []
 },
 {
  "id": "rdt_result_neg_invalid_rectangular",
  "title": "Rdt Result Neg Invalid Rectangular",
  "tags": []
 },
 {
  "id": "rdt_result_neg_invalid",
  "title": "Rdt Result Neg Invalid",
  "tags": []
 },
 {
  "id": "rdt_result_no_test",
  "title": "Rdt Result No Test",
  "tags": []
 },
 {
  "id": "rdt_result_pv",
  "title": "Rdt Result Pv",
  "tags": []
 },
 {
  "id": "rdt_result_mixed",
  "title": "Rdt Result Mixed",
  "tags": []
 },
 {
  "id": "rdt_result_mixed",
  "title": "Rdt Result Mixed",
  "tags": []
 },
 {
  "id": "rdt_result_pf_invalid",
  "title": "Rdt Result Pf Invalid",
  "tags": []
 },
 {
  "id": "rdt_result_neg",
  "title": "Rdt Result Neg",
  "tags": []
 },
 {
  "id": "rdt_result_mixed",
  "title": "Rdt Result Mixed",
  "tags": []
 },
 {
  "id": "rdt_result_mixed_invalid",
  "title": "Rdt Result Mixed Invalid",
  "tags": []
 },
 {
  "id": "rdt_result_mixed_invalid_rectangular",
  "title": "Rdt Result Mixed Invalid Rectangular",
  "tags": []
 },
 {
  "id": "rdt_result_pv_rectangular",
  "title": "Rdt Result Pv Rectangular",
  "tags": []
 },
 {
  "id": "rdt_result_pv_invalid_rectangular",
  "title": "Rdt Result Pv Invalid Rectangular",
  "tags": []
 },
 {
  "id": "rdt_result_pf_rectangular",
  "title": "Rdt Result Pf Rectangular",
  "tags": []
 },
 {
  "id": "rdt_result_pf_invalid_rectangular",
  "title": "Rdt Result Pf Invalid Rectangular",
  "tags": []
 },
 {
  "id": "rdt_result_neg_rectangular",
  "title": "Rdt Result Neg Rectangular",
  "tags": []
 },
 {
  "id": "rdt_result_mixed_rectangular",
  "title": "Rdt Result Mixed Rectangular",
  "tags": []
 },
 {
  "id": "rdt_result_invalid",
  "title": "Rdt Result Invalid",
  "tags": []
 },
 {
  "id": "rdt_result_positive",
  "title": "Rdt Result Positive",
  "tags": []
 },
 {
  "id": "rdt_result_negative",
  "title": "Rdt Result Negative",
  "tags": []
 },
 {
  "id": "boy_0105y",
  "title": "Boy 0105 Y",
  "tags": []
 },
 {
  "id": "boy_1015y",
  "title": "Boy 1015 Y",
  "tags": []
 },
 {
  "id": "child_program",
  "title": "Child Program",
  "tags": []
 },
 {
  "id": "elderly",
  "title": "Elderly",
  "tags": []
 },
 {
  "id": "girl_0105y",
  "title": "Girl 0105 Y",
  "tags": []
 },
 {
  "id": "girl_1015y",
  "title": "Girl 1015 Y",
  "tags": []
 },
 {
  "id": "lactation",
  "title": "Lactation",
  "tags": []
 },
 {
  "id": "rmnh",
  "title": "Rmnh",
  "tags": []
 },
 {
  "id": "male_and_female",
  "title": "Male And Female",
  "tags": []
 },
 {
  "id": "female_and_male",
  "title": "Female And Male",
  "tags": []
 },
 {
  "id": "man",
  "title": "Man",
  "tags": []
 },
 {
  "id": "old_man",
  "title": "Old Man",
  "tags": []
 },
 {
  "id": "old_woman",
  "title": "Old Woman",
  "tags": []
 },
 {
  "id": "transgender",
  "title": "Transgender",
  "tags": []
 },
 {
  "id": "woman",
  "title": "Woman",
  "tags": []
 },
 {
  "id": "young_people",
  "title": "Young People",
  "tags": []
 },
 {
  "id": "outpatient",
  "title": "Outpatient",
  "tags": []
 },
 {
  "id": "malaria_testing",
  "title": "Malaria Testing",
  "tags": []
 },
 {
  "id": "surgical_sterilization",
  "title": "Surgical Sterilization",
  "tags": []
 },
 {
  "id": "pwid",
  "title": "Pwid",
  "tags": []
 },
 {
  "id": "bills",
  "title": "Bills",
  "tags": []
 },
 {
  "id": "family_planning",
  "title": "Family Planning",
  "tags": []
 },
 {
  "id": "underweight",
  "title": "Underweight",
  "tags": []
 },
 {
  "id": "overweight",
  "title": "Overweight",
  "tags": []
 },
 {
  "id": "referral",
  "title": "Referral",
  "tags": []
 },
 {
  "id": "provider_fst",
  "title": "Provider Fst",
  "tags": []
 },
 {
  "id": "rdt_result_out_stock",
  "title": "Rdt Result Out Stock",
  "tags": []
 },
 {
  "id": "stock_out",
  "title": "Stock Out",
  "tags": []
 },
 {
  "id": "baby_male_0203m",
  "title": "Baby Male 0203 M",
  "tags": []
 },
 {
  "id": "plantation_worker",
  "title": "Plantation Worker",
  "tags": []
 },
 {
  "id": "synergist_insecticide_bioassays",
  "title": "Synergist Insecticide Bioassays",
  "tags": []
 },
 {
  "id": "measles",
  "title": "Measles",
  "tags": []
 },
 {
  "id": "traumatism",
  "title": "Traumatism",
  "tags": []
 },
 {
  "id": "hormonal_ring",
  "title": "Hormonal Ring",
  "tags": []
 },
 {
  "id": "hpv",
  "title": "Hpv",
  "tags": []
 },
 {
  "id": "vih",
  "title": "Vih",
  "tags": []
 },
 {
  "id": "breeding_sites",
  "title": "Breeding Sites",
  "tags": []
 },
 {
  "id": "donkey",
  "title": "Donkey",
  "tags": [
   "Animal",
   "Ass",
   "Farm",
   "Mule",
   "dhis2:donkey"
  ]
 },
 {
  "id": "mosquito",
  "title": "Mosquito",
  "tags": []
 },
 {
  "id": "malaria_outbreak",
  "title": "Malaria Outbreak",
  "tags": []
 },
 {
  "id": "insecticide_resistance",
  "title": "Insecticide Resistance",
  "tags": []
 },
 {
  "id": "mosquito_collection",
  "title": "Mosquito Collection",
  "tags": []
 },
 {
  "id": "ppe_gown",
  "title": "Ppe Gown",
  "tags": []
 },
 {
  "id": "ppe_gloves",
  "title": "Ppe Gloves",
  "tags": []
 },
 {
  "id": "ppe_mask_n95",
  "title": "Ppe Mask N 95",
  "tags": []
 },
 {
  "id": "ppe_gown",
  "title": "Ppe Gown",
  "tags": []
 },
 {
  "id": "ppe_face_mask",
  "title": "Ppe Face Mask",
  "tags": []
 },
 {
  "id": "award_trophy",
  "title": "Award Trophy",
  "tags": []
 },
 {
  "id": "award_ribbon",
  "title": "Award Ribbon",
  "tags": []
 },
 {
  "id": "geo_location",
  "title": "Geo Location",
  "tags": []
 },
 {
  "id": "death",
  "title": "Death",
  "tags": []
 },
 {
  "id": "death_alt",
  "title": "Death Alt",
  "tags": []
 },
 {
  "id": "death_alt2",
  "title": "Death Alt 2",
  "tags": []
 },
 {
  "id": "child_cognition",
  "title": "Child Cognition",
  "tags": []
 },
 {
  "id": "outbreak",
  "title": "Outbreak",
  "tags": []
 },
 {
  "id": "nutrition",
  "title": "Nutrition",
  "tags": []
 },
 {
  "id": "diabetes",
  "title": "Diabetes",
  "tags": []
 },
 {
  "id": "diabetes_measure",
  "title": "Diabetes Measure",
  "tags": []
 },
 {
  "id": "pneumonia",
  "title": "Pneumonia",
  "tags": []
 },
 {
  "id": "thermometer",
  "title": "Thermometer",
  "tags": []
 },
 {
  "id": "mobile",
  "title": "Mobile",
  "tags": []
 },
 {
  "id": "lungs",
  "title": "Lungs",
  "tags": []
 },
 {
  "id": "kidneys",
  "title": "Kidneys",
  "tags": []
 }
]